-1.458149176,-1.3166645680000002,-1.200015008
-1.4605713519999999,-1.302390332,-1.211651796
-1.4419277080000001,-1.293057956,-1.2161501600000002
-1.452736976,-1.316614216,-1.225305916
-1.440321316,-1.3103188720000003,-1.202025016
-1.455496164,-1.3171511040000001,-1.205716228
-1.4541049040000003,-1.315261328,-1.206475084
-1.453927796,-1.314551004,-1.216637812
-1.456115584,-1.3184888080000001,-1.18691118
-1.451789884,-1.32511694,-1.2210743720000001
-1.454371252,-1.32300058,-1.203904596
-1.435740704,-1.2999679720000001,-1.194833612
-1.461781244,-1.309066288,-1.202000824
-1.443973256,-1.313536056,-1.2028031319999999
-1.4504480080000002,-1.328860584,-1.216007364
-1.457211464,-1.31734664,-1.2029698880000002
-1.45692746,-1.316585116,-1.195938504
-1.4577112399999999,-1.302835576,-1.200740596
-1.452201756,-1.31955474,-1.220610296
-1.462710528,-1.3215163,-1.207496676
-1.4654910879999998,-1.326545292,-1.209483568
-1.4404432520000001,-1.309229252,-1.215128024
-1.4519952600000001,-1.31872258,-1.2112582520000001
-1.4545381359999998,-1.3225072240000002,-1.20692566
-1.4438446759999999,-1.311006256,-1.218637084
-1.442319692,-1.313517772,-1.197923424
-1.44608522,-1.307995868,-1.20430778
-1.465194532,-1.330156416,-1.2156129039999999
-1.4583443120000001,-1.302774424,-1.20013074
-1.435268844,-1.3061223960000001,-1.200061456
-1.463212616,-1.305604536,-1.200571356
-1.460339528,-1.30190786,-1.200956084
-1.459462932,-1.311316244,-1.207570016
-1.455108636,-1.291192964,-1.19532244
-1.4595290840000001,-1.3116323840000002,-1.2210503920000002
-1.4509491159999999,-1.3266166799999999,-1.19090208
-1.45115312,-1.326517712,-1.198543876
-1.4500869760000001,-1.3117477720000001,-1.20715492
-1.419010048,-1.302233224,-1.2033920519999999
-1.457552008,-1.3175011159999999,-1.2097488920000001
-1.4702898320000002,-1.323026988,-1.20495692
-1.47765548,-1.3154408640000002,-1.224870972
-1.4652067800000002,-1.314418384,-1.205449488
-1.468685324,-1.3085970199999999,-1.2051503920000002
-1.460105692,-1.3354455800000002,-1.19625354
-1.442698564,-1.3101978440000002,-1.203696944
-1.4595777600000002,-1.31345402,-1.2159767840000002
-1.4559233040000001,-1.3098211080000002,-1.1994995760000002
-1.44342664,-1.3028796960000002,-1.2056682840000001
-1.459159928,-1.3267372480000001,-1.2154691560000002
-1.449247836,-1.3067241680000001,-1.211816508
-1.444860688,-1.318664672,-1.206073168
-1.46268852,-1.310572324,-1.222568364
-1.4561437360000002,-1.3329137000000002,-1.215174764
-1.444659508,-1.306743936,-1.192917336
-1.46357924,-1.314250944,-1.216508876
-1.478169772,-1.321630092,-1.2106367
-1.464161156,-1.33264338,-1.224586476
-1.46677948,-1.3110032360000001,-1.2217673720000002
-1.46966412,-1.310215052,-1.22606638
-1.443459492,-1.317567236,-1.204991224
-1.4670678600000002,-1.3161912519999999,-1.209732408
-1.467205476,-1.3264179360000001,-1.206926828
-1.4607221680000002,-1.328178552,-1.2092212679999998
-1.4581098239999999,-1.335229568,-1.209637404
-1.4610752800000002,-1.336029,-1.20740976
-1.461583844,-1.3055298679999998,-1.223948724
-1.463857808,-1.3245725080000001,-1.212826492
-1.451023848,-1.322596208,-1.2010306640000001
-1.4706785,-1.318657376,-1.213816956
-1.452970232,-1.333780092,-1.219599008
-1.467229724,-1.33180258,-1.22184282
-1.459019968,-1.30818532,-1.210026284
-1.459931848,-1.322660604,-1.21696066
-1.4682669480000001,-1.319579212,-1.2182223760000002
-1.47164808,-1.3226147039999998,-1.201511648
-1.456566356,-1.317549336,-1.21884356
-1.4588248560000001,-1.3278948320000001,-1.211971404
-1.466022152,-1.3196362400000001,-1.211137816
-1.4655146440000002,-1.3207009,-1.202047432
-1.455031396,-1.32557024,-1.2175824480000002
-1.45746532,-1.322306524,-1.216095532
-1.467895712,-1.324800284,-1.213426692
-1.46736482,-1.3091500520000001,-1.2135595639999999
-1.4612802839999999,-1.330041856,-1.202944064
-1.45952972,-1.3311362,-1.2177670520000001
-1.44883492,-1.322015576,-1.209946528
-1.4601286599999999,-1.3244357119999999,-1.217989016
-1.464157092,-1.333103608,-1.2107006720000002
-1.465509556,-1.325955908,-1.211800248
-1.4718196920000002,-1.322641212,-1.22135496
-1.4596779000000002,-1.336795176,-1.198192544
-1.474956724,-1.3189095560000001,-1.2153868079999999
-1.459441612,-1.3340717,-1.224069012
-1.4644507999999998,-1.3190628560000002,-1.212206112
-1.466867472,-1.308900792,-1.202217272
-1.4659717,-1.322745372,-1.204374808
-1.4635723320000003,-1.325002984,-1.1975006799999999
-1.457280208,-1.32083554,-1.210495176
-1.449394992,-1.314440456,-1.2253414120000001
-1.467616004,-1.314879528,-1.209357
-1.4636634,-1.3173268280000001,-1.206132272
-1.4701277480000001,-1.3270192,-1.219340624
-1.4624018920000001,-1.319778892,-1.2125173200000001
-1.462665764,-1.319511012,-1.218620596
-1.4559087800000001,-1.316102644,-1.215301484
-1.4598542760000002,-1.3129868040000001,-1.217424
-1.4656117480000002,-1.3266291000000001,-1.2208449719999999
-1.4643307239999999,-1.311005128,-1.2232042120000002
-1.460760164,-1.317072548,-1.2198039959999998
-1.477616744,-1.335120896,-1.199925484
-1.453618332,-1.3176788120000003,-1.2200416960000002
-1.45143986,-1.3255173560000002,-1.213412892
-1.470689268,-1.3271646719999999,-1.214899404
-1.46879076,-1.3330375159999999,-1.2156331999999999
-1.472072236,-1.324629068,-1.2196371560000001
-1.462540372,-1.3384357199999999,-1.2087234999999998
-1.4683107400000002,-1.321620392,-1.21681798
-1.460984252,-1.33039824,-1.20034716
-1.4600736920000001,-1.323080364,-1.212414148
-1.45654904,-1.324415084,-1.20640718
-1.454959592,-1.3280185160000002,-1.222321084
-1.4670413800000002,-1.340538364,-1.209255728
-1.4664738400000001,-0.899431152,-0.878047904
-0.7748993240000001,-0.785299192,-0.7959455040000001
-0.679814592,-0.6785862319999999,-0.6912467880000001
-1.033152292,-0.995496056,-0.9309348120000001
-0.623848528,-0.6469891879999999,-0.685691788
-0.427331532,-0.518575468,-0.587380036
-0.788059584,-0.7764865839999999,-0.784585148
-0.594639652,-0.65639492,-0.71606382
-0.851653416,-0.830584572,-0.825681144
-0.84473142,-0.8315847760000001,-0.8257338479999999
-0.924799328,-0.894754312,-0.902640672
-0.720661012,-0.738684324,-0.753546128
-0.908683512,-0.896134796,-0.8754273960000001
-0.784638936,-0.792807664,-0.782825196
-0.9017309720000001,-0.8801764599999999,-0.8751169280000001
-0.6296799679999999,-0.672932372,-0.716839696
-1.011098088,-0.9637566919999999,-0.9538911919999999
-0.68263534,-0.701310208,-0.740240592
-0.592126592,-0.631614116,-0.6591279040000001
-0.695436636,-0.7177718479999999,-0.7359170639999999
-0.8136122760000001,-0.8022323240000001,-0.776870684
-0.851120036,-0.858660832,-0.83218526
-0.5419725639999999,-0.59467032,-0.632364732
-1.331357736,-1.220321404,-1.1563879920000002
-0.75989088,-0.809285456,-0.80699786
-0.7612967199999999,-0.7825070120000001,-0.7888999480000001
-1.0485900799999999,-1.000564288,-0.971972528
-1.360355628,-1.2471987839999998,-1.148251688
-0.88692588,-0.862262404,-0.8316805039999999
-0.989084636,-0.943586176,-0.930504704
-0.743022528,-0.767384836,-0.779563168
-1.0252920719999998,-1.007838644,-0.956909288
-0.913313712,-0.891502512,-0.8720924320000001
-1.0863926320000001,-1.023736564,-0.987052388
-1.057582008,-1.010143316,-0.970744176
-1.017398516,-0.973121044,-0.958601664
-1.062335096,-1.028208448,-0.9905531040000001
-0.931993092,-0.908513784,-0.9230469800000001
-1.067902964,-1.02470704,-1.005901948
-1.225659052,-1.134498876,-1.068794604
-1.249404824,-1.1711013479999999,-1.100631352
-1.118302964,-1.055179244,-1.000824052
-1.090440708,-1.0382839519999998,-1.004019784
-0.936591772,-0.928897092,-0.901672272
-0.9411387,-0.9157805840000001,-0.914834036
-1.170119188,-1.1019239280000002,-1.046157172
-1.089435452,-1.0372337,-0.991206704
-1.0290250239999998,-0.984684484,-0.9555433
-1.104292316,-1.050396852,-1.015893792
-1.094658776,-1.0232144360000002,-1.002543256
-0.876171032,-0.871815352,-0.873684688
-1.27228382,-1.1766451000000002,-1.109170972
-0.900540876,-0.8816766800000001,-0.883522396
-1.08099036,-1.037166168,-1.0071737920000001
-1.128516472,-1.076567096,-1.034721864
-1.1243042639999998,-1.0649741080000001,-1.029470532
-0.9235738,-0.9185679280000001,-0.9104803
-1.20365532,-1.13493324,-1.069707952
-0.955477844,-0.9434111000000001,-0.92694404
-1.03787798,-0.985641684,-0.966816784
-1.1048949,-1.052727932,-0.995818808
-0.982270264,-0.948833236,-0.922053964
-1.2821482480000002,-1.187151872,-1.113557328
-1.1594309839999999,-1.0886664,-1.027633868
-0.761640672,-0.807539836,-0.803596768
-0.919679064,-0.88566282,-0.908760768
-0.95632746,-0.9329624200000001,-0.932504172
-1.1329755840000002,-1.0653763,-1.015526632
-1.2064560880000001,-1.1287006160000002,-1.0640026439999999
-1.10489928,-1.057709872,-1.021288196
-1.2362122279999999,-1.14208054,-1.0768919920000002
-1.0703638400000002,-1.015698004,-0.978720876
-1.0484002080000001,-1.0161910760000001,-0.982600812
-1.096493484,-1.0355653679999999,-0.992405056
-1.003700036,-0.9720658480000001,-0.9694813840000001
-1.106518532,-1.059841292,-1.0211704959999999
-0.909725012,-0.898793228,-0.9017115760000001
-0.9408004200000001,-0.933902252,-0.917834012
-0.713968944,-0.7470334359999999,-0.774582744
-1.003563564,-0.982107352,-0.9590124600000001
-1.08685718,-1.0348847079999999,-0.997525736
-1.020226368,-1.00242128,-0.9759842599999999
-0.955601716,-0.932826056,-0.896275328
-1.201283468,-1.145245936,-1.065655856
-1.139129932,-1.066014264,-1.022223744
-0.797150004,-0.806886732,-0.8139687840000001
-1.0942099600000001,-1.050367552,-1.009280616
-1.110734444,-1.073272524,-1.023087084
-1.066167536,-1.002015512,-0.968126096
-0.8867427680000001,-0.897777848,-0.9016858759999999
-1.151645068,-1.1000290160000001,-1.0441786599999998
-1.127674488,-1.05728708,-0.99947416
-1.135119432,-1.0887202360000001,-1.04610202
-1.032700548,-0.977101672,-0.956294484
-1.042387988,-1.007896756,-0.971204044
-1.1447728680000002,-1.0592219920000001,-1.030805888
-0.963151336,-0.958400464,-0.9404511200000001
-0.973044232,-0.9433846560000001,-0.93475968
-1.002706328,-0.961923752,-0.9561632680000001
-1.2924106800000001,-1.196356428,-1.116312652
-1.047653,-1.0236577320000002,-0.999716752
-1.117041312,-1.078564,-1.00888248
-0.8933154000000001,-0.878085176,-0.881641872
-0.8423130080000001,-0.844922656,-0.8370498359999999
-1.176391488,-1.10691878,-1.0406823
-1.126441832,-1.074034952,-1.01988302
-1.148646332,-1.096498008,-1.049431072
-1.2190141159999999,-1.145649288,-1.084107844
-1.141816572,-1.0783140800000002,-1.050944964
-1.029223224,-1.001995076,-0.948635124
-1.0149390120000001,-0.9743598960000001,-0.948038804
-1.201473884,-1.12836246,-1.055386448
-0.8221993320000001,-0.837839244,-0.838648644
-1.282250236,-1.182191804,-1.1176384959999999
-1.204618956,-1.14755634,-1.0897082359999999
-1.054571372,-1.0040176440000002,-0.975913152
-1.13995964,-1.0781819199999998,-1.046397464
-1.0604999119999998,-1.021943352,-0.9941795719999998
-1.019492912,-0.980519,-0.9689611280000001
-1.012780392,-0.9657634319999999,-0.943818968
-0.9891439280000001,-0.961277968,-0.920792376
-0.946866336,-0.9213492400000001,-0.903822068
-0.850025272,-0.8720388,-0.862192572
-0.9548582200000001,-0.938361192,-0.909082512
-1.057157804,-1.025468304,-0.995101388
-1.03091644,-0.9827081280000001,-0.9783191440000001
-0.8570528519999999,-0.861861544,-0.856264928
-1.299932244,-1.18223294,-1.124731972
-1.001930992,-0.99289474,-0.9541470280000001
-1.04957964,-0.996414284,-0.970295488
-1.0631452399999999,-1.02166396,-0.9937099520000001
-1.034778496,-0.99264546,-0.965795984
-1.036473572,-1.000564944,-0.97670224
-0.9964639080000001,-0.962179216,-0.945938656
-1.2070520120000001,-1.134153456,-1.060937996
-1.0718581480000002,-1.0260614959999999,-0.994290124
-0.90705272,-0.903853224,-0.8771623000000001
-1.0774788960000001,-1.0468444440000002,-1.003589652
-1.228614652,-1.1525252400000001,-1.0932536080000002
-0.94126624,-0.947541784,-0.92203614
-1.251683108,-1.162685088,-1.083508516
-0.9270853920000001,-0.9151492999999999,-0.914633868
-1.04972058,-1.010845056,-0.979259172
-1.011420952,-0.982603628,-0.9672949639999999
-1.04663128,-0.9963791080000001,-0.971205024
-1.127703424,-1.075490572,-1.038820148
-0.928858188,-0.907770688,-0.8936853240000001
-1.2960044080000002,-1.199699404,-1.1133120040000002
-0.8146458080000001,-0.815113264,-0.812465336
-1.171410464,-1.102204516,-1.037654856
-1.136858252,-1.080931472,-1.04095852
-1.072597688,-1.0276390279999998,-0.995748092
-1.1975595760000002,-1.124101656,-1.0767709079999999
-1.2362786440000002,-1.15885274,-1.090547504
-1.080058048,-1.02893644,-0.9891298439999999
-0.968664272,-0.959242948,-0.937519824
-0.976377212,-0.9342757880000001,-0.918712612
-1.006983948,-0.98115132,-0.9456937639999999
-1.0538256639999999,-0.9973512240000001,-0.954164632
-1.079916732,-1.02338884,-0.982621992
-1.178808848,-1.1118344800000002,-1.0587416680000001
-1.0277416400000001,-0.9928299680000001,-0.960286452
-0.764999144,-0.788849976,-0.814052812
-0.926661512,-0.9089046040000001,-0.902259452
-0.884437056,-0.898518948,-0.8864929640000001
-1.091348688,-1.044927428,-1.0010163920000001
-0.9432665200000001,-0.918325768,-0.8837054879999999
-1.236502376,-1.140108244,-1.092416864
-1.2580371280000002,-1.1830767439999998,-1.109405364
-1.299003808,-1.197363056,-1.120888412
-1.182387152,-1.1274932960000001,-1.0640773840000002
-1.040195332,-1.0096989600000001,-0.97904244
-1.027808792,-0.99459934,-0.966058004
-0.970996192,-0.94347426,-0.9318301840000001
-1.098866044,-1.039201428,-1.013705668
-1.0461293440000001,-1.0107396320000002,-0.981373036
-0.920324516,-0.9133707160000001,-0.910938936
-1.1310523,-1.0845820840000002,-1.042510472
-1.205491116,-1.151524172,-1.0898795360000002
-1.313890824,-1.221221304,-1.127129808
-1.057480096,-1.008452664,-0.986278024
-1.180461544,-1.0989856839999999,-1.040193056
-1.13837002,-1.0776917400000001,-1.023369696
-1.135153568,-1.059660644,-1.0081080040000001
-1.195481624,-1.129893112,-1.066902236
-1.2433053800000002,-1.153220272,-1.080264424
-1.314525024,-1.218983748,-1.13822364
-1.197226528,-1.111200596,-1.0520230560000001
-1.092634192,-1.0421079720000002,-1.0074484879999999
-0.986470972,-0.96285182,-0.937841552
-0.7406497519999999,-0.7760571199999999,-0.788496776
-1.31034792,-1.19756952,-1.136205516
-0.9551632680000001,-0.944864684,-0.941029128
-1.11679866,-1.047413068,-1.022368128
-1.064998992,-1.034690988,-0.987546592
-1.281992252,-1.1870435920000002,-1.137336624
-0.934133032,-0.918178116,-0.91814672
-1.1817765599999999,-1.090591944,-1.0446465759999999
-1.062035368,-1.025773088,-0.977558408
-1.01966954,-1.001752476,-0.963437388
-0.9932601160000001,-0.97651632,-0.951576916
-0.956464508,-0.919701644,-0.904712532
-1.120770176,-1.079439904,-1.0263018320000001
-0.994460056,-0.969582676,-0.939447876
-0.97672352,-0.9295391319999999,-0.916239964
-1.222973692,-1.142675668,-1.073697708
-1.1484046040000002,-1.079211628,-1.021369764
-0.924698388,-0.915409456,-0.89253552
-0.979384816,-0.965964348,-0.947750308
-1.129132972,-1.084890736,-1.035988604
-0.671036032,-0.720569656,-0.763451448
-1.127146484,-1.052548924,-1.0081511440000002
-0.976785092,-0.943866668,-0.920299788
-0.8705890799999999,-0.888083892,-0.891084448
-1.043550612,-0.9954835000000001,-0.964002204
-0.862658336,-0.8828406000000001,-0.881743968
-1.126685364,-1.084085676,-1.0222464960000002
-1.260989868,-1.17845616,-1.103742532
-0.654084996,-0.6953107199999999,-0.7408854199999999
-1.127800828,-1.0738012319999999,-1.0288778
-0.903677324,-0.8833053479999999,-0.8673878
-0.9017414199999999,-0.899873392,-0.885793528
-0.833343608,-0.830820248,-0.8353883120000001
-0.962061436,-0.921756008,-0.91509856
-1.14902772,-1.06996878,-1.00296648
-1.11720514,-1.057960148,-0.992485056
-1.204200456,-1.12041614,-1.051201852
-1.08617754,-1.035850988,-1.004368592
-1.1017687880000002,-1.042714536,-0.995552512
-1.002632084,-0.97265008,-0.941503396
-1.0285243,-1.003649612,-0.96945698
-1.157139632,-1.085906668,-1.038715908
-1.1497420919999999,-1.069560144,-1.018494652
-0.9128929000000001,-0.8910096120000001,-0.888083968
-1.090696212,-1.0404067320000001,-1.015937632
-1.244474288,-1.169408516,-1.0983582840000001
-1.013439368,-0.97701098,-0.95842024
-1.146577452,-1.0980776920000002,-1.038313652
-1.0775129799999998,-1.0129490479999999,-0.968490792
-0.8627125,-0.855057504,-0.85353306
-1.039769924,-0.99608182,-0.964121788
-1.085907952,-1.021647432,-0.9974124160000001
-1.248126976,-1.168871468,-1.1028106359999998
-1.0176900000000002,-0.9809810160000001,-0.944429568
-0.946263692,-0.9169640960000001,-0.924121692
-1.131859204,-1.074046872,-1.00990814
-1.043591012,-1.0114652400000002,-0.97380326
-1.0178826239999998,-0.98469734,-0.946641692
-1.1410819640000003,-1.1023036880000001,-1.0461695960000001
-0.970061596,-0.949797836,-0.938171312
-1.344853632,-1.225318608,-1.142657568
-1.01803226,-0.981267116,-0.9486712400000001
-1.1473759399999999,-1.077911548,-1.0400954040000001
-0.8865694159999999,-0.867069668,-0.871557876
-1.260466432,-1.1576115239999998,-1.078329632
-1.193432652,-1.1083755000000002,-1.053851616
-0.865313112,-0.857332752,-0.875919456
-0.993365108,-0.9596540360000001,-0.940875696
-0.907722852,-0.892208848,-0.884572764
-1.256915216,-1.168547232,-1.107737464
-1.0324244679999999,-1.0155689879999998,-0.993743656
-1.088668896,-1.057798828,-1.017696956
-1.211774928,-1.134997332,-1.077653652
-0.802331524,-0.8163397920000001,-0.82137038
-0.9398059120000001,-0.914586344,-0.894428068
-0.8986237,-0.8782442560000001,-0.863436716
-0.707209808,-0.771723272,-0.790818972
-0.784554992,-0.820257432,-0.814737696
-0.9546167040000001,-0.946463732,-0.9342340760000001
-0.906359156,-0.901763756,-0.888721776
-1.0440559280000001,-1.009812788,-0.9761782520000001
-0.862028932,-0.859613908,-0.852419948
-1.1462341360000001,-1.067749624,-1.033335296
-0.938898272,-0.92533768,-0.913243232
-0.8778741,-0.868543564,-0.875778348
-1.120889744,-1.053457512,-0.997748776
-1.019195512,-0.977849284,-0.945770152
-0.9487397320000001,-0.932297768,-0.921401496
-1.1629017720000001,-1.0877065719999999,-1.029433172
-1.109648336,-1.061572192,-1.013488304
-1.1960301199999999,-1.117313872,-1.0671122720000001
-1.21896826,-1.1429487159999998,-1.0829982000000002
-0.9847396639999999,-0.955190352,-0.936476312
-1.020643232,-0.9781528960000001,-0.962754272
-1.326280532,-1.219947152,-1.1320482
-1.0376275320000001,-0.9875485,-0.9676424000000001
-1.130812848,-1.067237876,-1.02932718
-0.8498313120000001,-0.859808952,-0.8807955
-1.040839992,-1.020348736,-0.9799907200000001
-0.9027186359999999,-0.8986244360000001,-0.883491536
-1.1378897159999999,-1.0880028240000001,-1.039059856
-0.853565368,-0.860097212,-0.859293044
-1.0757919,-1.041031684,-0.9999639040000001
-1.3049030160000001,-1.198841912,-1.1414218520000001
-1.1588810760000001,-1.100138268,-1.0410129280000002
-1.031733544,-1.0050754640000001,-0.9990418759999999
-0.951305952,-0.936149628,-0.921702456
-1.2612152200000002,-1.16597408,-1.096231552
-1.0260133439999999,-0.9914448239999999,-0.9667656280000001
-0.826350608,-0.82231672,-0.838361388
-1.04142822,-1.007595792,-1.002445552
-1.028652836,-1.00607408,-0.9644687040000001
-1.315846708,-1.213228084,-1.13920556
-1.044144532,-0.9984982519999999,-0.984064236
-1.104239964,-1.033317556,-0.993512452
-1.3079025,-1.197448396,-1.1254342
-0.8376863400000001,-0.8290325359999999,-0.8571791
-1.165367536,-1.092254492,-1.02898482
-1.077661304,-1.0336299480000002,-0.9711841840000001
-0.9516758160000001,-0.943702784,-0.91509606
-0.9019100919999999,-0.881822036,-0.889629852
-0.83112698,-0.841867404,-0.8427775080000001
-0.9333549760000001,-0.931070636,-0.8958664599999999
-1.1143273999999999,-1.0687191560000002,-1.027453952
-1.2176354320000002,-1.149678596,-1.082656364
-0.9216729,-0.912215192,-0.9131176120000001
-1.2834646600000001,-1.181588608,-1.1169064640000002
-1.054324832,-1.0289470680000001,-0.9876883080000001
-0.8991129440000001,-0.880259476,-0.894251468
-1.236686036,-1.1713997480000002,-1.0938296239999998
-1.241484604,-1.166829108,-1.090872784
-1.466040292,-1.319963768,-1.2181729120000002
-1.4704320880000001,-1.332850004,-1.2130308680000002
-1.4708802200000002,-1.3194639119999998,-1.2149543559999998
-1.459611712,-1.322406284,-1.20779036
-1.47494456,-1.311414608,-1.2188578440000002
-1.4734897880000002,-1.32327984,-1.200613716
-1.468846156,-1.3180733199999999,-1.221260932
-1.4710457399999999,-1.3115445600000002,-1.216504348
-1.472080612,-1.330890452,-1.202719252
-1.4691277440000001,-1.3318317320000002,-1.22224752
-1.465047292,-1.31454534,-1.2275646960000002
-1.45920836,-1.320646908,-1.2270329519999998
-1.4616556200000002,-1.31923006,-1.2193520480000002
-1.457320764,-1.314613948,-1.2211015639999998
-1.468495112,-1.343879384,-1.207662384
-1.466568252,-1.324041932,-1.221524728
-1.470799324,-1.33391244,-1.2186896800000002
-1.4720022959999999,-1.3156330520000001,-1.206664672
-1.462895232,-1.312746032,-1.212883772
-1.455202128,-1.32658,-1.2105862200000002
-1.4774033960000001,-1.3136368719999998,-1.206733024
-1.459285352,-1.324811576,-1.224694548
-1.459136068,-1.311808112,-1.2135145840000001
-1.46843196,-1.3300535679999999,-1.2352659799999999
-1.4598381480000002,-1.3328727919999999,-1.23377574
-1.456059204,-1.326797536,-1.2095606120000002
-1.46189666,-1.324102364,-1.214547668
-1.466806596,-1.3291412800000002,-1.210380012
-1.4684667519999999,-1.327215384,-1.199698492
-1.473212728,-1.3237571680000002,-1.2255077
-1.47089964,-1.328265988,-1.225333836
-1.4503558399999998,-1.316937812,-1.21290104
-1.459007264,-1.319197564,-1.219551184
-1.461807132,-1.3279657200000001,-1.207178312
-1.457077972,-1.347075348,-1.2040385359999999
-1.468961556,-1.3231735839999998,-1.2237214840000001
-1.460215988,-1.331207072,-1.216939456
-1.475934208,-1.315202032,-1.208927032
-1.4649268320000002,-1.32893078,-1.226232688
-1.456901824,-1.324252268,-1.221204104
-1.481025592,-1.32068424,-1.222642004
-1.460976356,-1.3237174999999999,-1.209021564
-1.46246156,-1.3362672679999998,-1.211616452
-1.4802574960000001,-1.32679712,-1.207291292
-1.4604107800000001,-1.336904384,-1.2214254240000002
-1.458187936,-1.3260358520000002,-1.209288444
-1.4668075320000002,-1.316166832,-1.229157544
-1.469840284,-1.331036032,-1.211554084
-1.4758226600000002,-1.322055792,-1.215227072
-1.4659847,-1.328157136,-1.2267025880000002
-1.477308992,-1.332198272,-1.23686108
-1.456111216,-1.333991176,-1.210044316
-1.465221972,-1.325591452,-1.21222214
-1.4604523839999999,-1.311047708,-1.220707472
-1.462618592,-1.3284622640000001,-1.217624932
-1.4686633759999999,-1.321868316,-1.2238877240000001
-1.464265208,-1.33196826,-1.20049802
-1.476135436,-1.339930648,-1.221810636
-1.470209308,-1.317797768,-1.219174852
-1.4679402240000001,-1.325523768,-1.211538364
-1.4586668680000001,-1.3334240920000002,-1.210252352
-1.460565584,-1.3196580199999999,-1.2197572239999999
-1.464046068,-1.335034204,-1.2064492199999999
-1.4565291360000001,-1.305514588,-1.214179848
-1.471554116,-1.334441448,-1.222223424
-1.4449643079999999,-1.324695584,-1.211075468
-1.468167044,-1.333308508,-1.202925112
-1.47448708,-1.336649148,-1.2089312
-1.467227136,-1.319972144,-1.206347812
-1.465047468,-1.3226802480000002,-1.215957448
-1.450345848,-1.3283553160000001,-1.219169736
-1.4782462440000002,-1.326254952,-1.21105406
-1.464185276,-1.337368216,-1.2303475720000001
-1.46305342,-1.32168894,-1.2089009480000001
-1.462218336,-1.3325055280000002,-1.196113288
-1.460895088,-1.3384778960000001,-1.2124574120000002
-1.4755528,-1.332008968,-1.214309344
-1.459561104,-1.328957104,-1.210289708
-1.4658060880000001,-1.3206099160000002,-1.207808352
-1.44767184,-1.324241196,-1.237514572
-1.453673172,-1.32544266,-1.208064068
-1.458457704,-1.32210502,-1.2344532480000001
-1.459320588,-1.3248139120000002,-1.219790688
-1.467670168,-1.32646748,-1.20146172
-1.4609084120000002,-1.321212716,-1.21516602
-1.4606781640000002,-1.3199994320000001,-1.20176754
-1.4576039280000002,-1.3352574799999999,-1.21174144
-1.4599254560000001,-1.3251486280000002,-1.216488248
-1.456003412,-1.3219478640000002,-1.2052288839999998
-1.467965244,-1.3164016120000002,-1.214083
-1.477742212,-1.32110428,-1.199807304
-1.464946828,-1.325251172,-1.221486128
-1.468369652,-1.32435482,-1.2078537679999999
-1.457098964,-1.311588832,-1.22526388
-1.470226328,-1.332881976,-1.2093322240000002
-1.46180402,-1.3195445800000003,-1.221236508
-1.4617407400000002,-1.325874612,-1.234298028
-1.460861968,-1.319299204,-1.210304
-1.4606861560000002,-1.3373318760000001,-1.218265796
-1.45379246,-1.332652136,-1.226798996
-1.466569688,-1.315830536,-1.19997662
-1.459266668,-1.334593656,-1.228745972
-1.468867356,-1.324237352,-1.21306668
-1.470766616,-1.324713392,-1.212477472
-1.475054356,-1.309308104,-1.204908168
-1.45479228,-1.3323956959999999,-1.211030348
-1.4700128920000002,-1.34510786,-1.2040897
-1.458651528,-1.341165676,-1.2214199239999999
-1.466094864,-1.32071122,-1.217751016
-1.4710639920000002,-1.3348670999999999,-1.2204159199999998
-1.460186952,-1.327821912,-1.22186216
-1.470004896,-1.330850256,-1.214739964
-1.462129836,-1.309946352,-1.220225956
-1.4691880480000001,-1.3303898360000002,-1.216007584
-1.466802964,-1.335784308,-1.218711316
-1.47868974,-1.326680372,-1.212189848
-1.46551938,-1.3332048879999998,-1.219154888
-1.461312756,-1.319676276,-1.207307764
-1.476761836,-1.307936728,-1.215509248
-1.4666396720000001,-1.323993752,-1.206791524
-1.468198756,-1.330651604,-1.217846452
-1.465578444,-1.326651752,-1.214037452
-1.446487916,-1.322847692,-1.224534316
-1.452213224,-1.318411876,-1.219025164
-1.483932908,-1.327970452,-1.2125210640000001
-1.472509088,-1.320303144,-1.209388368
-1.45913818,-1.3363523119999998,-1.218892596
-1.458942768,-1.322735316,-1.2153343920000002
-1.4678015480000002,-1.334617696,-1.219870964
-1.471740268,-1.334454452,-1.21587966
-1.462400792,-1.3240995679999998,-1.2161824799999998
-1.466937564,-1.3339775880000002,-1.209244972
-1.463417324,-1.3158223400000002,-1.208771948
-1.472186392,-1.32368348,-1.1983627639999999
-1.458222736,-1.3141466160000002,-1.206593164
-1.4707627,-1.3254552160000002,-1.2141878280000002
-1.470414596,-1.339193496,-1.22250492
-1.46714898,-1.3262554160000002,-1.229460404
-1.469770416,-1.32472374,-1.216389588
-1.463751268,-1.3178463919999999,-1.211550352
-1.462652748,-1.3187864280000001,-1.2118262080000002
-1.453583064,-1.320003808,-1.21367598
-1.4712952,-1.3426300480000002,-1.213678284
-1.46294206,-1.326892024,-1.2027938120000001
-1.471462268,-1.325767276,-1.21915554
-1.4452202399999998,-1.33065538,-1.22078118
-1.4559917160000002,-1.324675796,-1.2246976440000001
-1.469554776,-1.3331619080000001,-1.210415612
-1.462074632,-1.3309803400000002,-1.214191596
-1.450837336,-1.314484564,-1.220459504
-1.469945136,-1.32704468,-1.204924828
-1.466291596,-1.324964804,-1.224532788
-1.470997536,-1.317176276,-1.21656082
-1.4613786160000002,-1.3122440240000002,-1.1950058479999999
-1.450822032,-1.30778748,-1.2042326760000002
-1.462416016,-1.323510456,-1.209671084
-1.455977552,-1.314848868,-1.191082164
-1.443960772,-1.3188127920000001,-1.21601878
-1.46920448,-1.3204003,-1.2178002760000002
-1.459738632,-1.3119053999999999,-1.231452432
-1.4644073080000002,-1.3175535280000001,-1.218717976
-1.473653216,-1.318875756,-1.22817812
-1.458548924,-1.319309604,-1.1890701
-1.4627296680000001,-1.311790316,-1.218049232
-1.47251588,-1.3334295680000001,-1.2370725240000002
-1.466628992,-1.3186826360000001,-1.221720388
-1.46356028,-1.316303484,-1.217236392
-1.4560220799999999,-1.3174551800000003,-1.195963892
-1.449195116,-1.335963904,-1.1989519080000002
-1.46895052,-1.325377012,-1.2166271680000003
-1.4551794599999999,-1.3222690240000001,-1.189761128
-1.470909148,-1.3158943120000002,-1.219833116
-1.454660716,-1.315034864,-1.1993678639999998
-1.446542568,-1.3252177280000002,-1.2054042960000002
-1.4568756840000001,-1.30783718,-1.216583488
-1.445028196,-1.3085672959999999,-1.2002259160000002
-1.455871452,-1.32912722,-1.2124624960000001
-1.46462182,-1.31585142,-1.214391028
-1.468707456,-1.3261681360000002,-1.207164492
-1.457730468,-1.3089707240000001,-1.2122535280000002
-1.456624536,-1.32712106,-1.216821848
-1.441742936,-1.3157698199999999,-1.214646992
-1.468318312,-1.3259336879999999,-1.2165823880000002
-1.4691369680000002,-1.3164254680000003,-1.198287692
-1.4708453000000001,-1.319487368,-1.203814644
-1.473373188,-1.32622542,-1.216856032
-1.454202064,-1.3110080320000002,-1.2076442440000001
-1.465559412,-1.318670928,-1.205575856
-1.470505652,-1.329857212,-1.20648108
-1.46392026,-1.303015864,-1.213905324
-1.4618309960000002,-1.316148876,-1.196845332
-1.458731684,-1.3277298119999998,-1.2019707679999998
-1.4674901919999999,-1.327557396,-1.210358424
-1.455181316,-1.31145574,-1.2139063280000002
-1.45527576,-1.3138821960000002,-1.237788032
-1.4574384560000002,-1.3255346080000001,-1.2174267319999998
-1.458382928,-1.315888572,-1.214125832
-1.459717396,-1.335277108,-1.203480872
-1.469581808,-1.318895888,-1.21565808
-1.4566505960000002,-1.31263294,-1.217975024
-1.4577737279999998,-1.319416916,-1.205398808
-1.4488853520000002,-1.317522204,-1.1962773960000002
-1.454717752,-1.3376332640000002,-1.2137424399999999
-1.4699234319999999,-1.336810964,-1.198477408
-1.456605756,-1.318993212,-1.207068372
-1.4514030119999999,-1.3189372359999998,-1.2165191359999998
-1.467503548,-1.3231403880000001,-1.219645196
-1.4538972159999999,-1.3217847440000001,-1.216919776
-1.4722877079999999,-1.3360988280000001,-1.209029952
-1.468835232,-1.3217010279999999,-1.212625844
-1.46699096,-1.327269716,-1.2138355360000002
-1.4641984920000002,-1.318014588,-1.2228113360000001
-1.4595504400000001,-1.327159412,-1.21245602
-1.4491245240000001,-1.314431712,-1.2216480200000002
-1.45917212,-1.332999452,-1.2020602839999999
-1.4644755120000001,-1.309935848,-1.2198148560000002
-1.463146976,-1.32082076,-1.2089903800000001
-1.465164648,-1.314779624,-1.2188809520000001
-1.4626851520000002,-1.324859716,-1.216252012
-1.45708356,-1.331700096,-1.215661928
-1.466676632,-1.309998132,-1.202875312
-1.4714044199999998,-1.330428356,-1.209980144
-1.460949612,-1.3215204880000002,-1.2073984
-1.465281476,-1.319909924,-1.2167780280000002
-1.471854444,-1.313410684,-1.236081084
-1.4730050160000001,-1.3234517879999999,-1.21295572
-1.4578097280000002,-1.3249446,-1.197607172
-1.448565184,-1.313692756,-1.217908312
-1.47124328,-1.327380912,-1.208636132
-1.454038052,-1.3236983720000002,-1.220327744
-1.4662813399999999,-1.33306768,-1.1915727280000001
-1.458291712,-1.31323828,-1.198508952
-1.465330076,-1.3207796440000001,-1.202448704
-1.4750123080000002,-1.314670212,-1.2109284080000002
-1.465537608,-1.3184413240000001,-1.219124668
-1.46229692,-1.322199152,-1.196777928
-1.459695156,-1.321901108,-1.214269128
-1.456136896,-1.331397556,-1.224884032
-1.4609854519999999,-1.324207956,-1.207932548
-1.452437384,-1.3394701519999999,-1.214532984
-1.473274816,-1.3180367119999998,-1.2058195600000001
-1.4578469520000001,-1.323143872,-1.2242376920000002
-1.47691854,-1.315737868,-1.218985152
-1.46471966,-1.3261156560000003,-1.2136654960000002
-1.456763212,-1.316640532,-1.2217902440000001
-1.464025832,-1.3142068120000001,-1.226411436
-1.4734906079999999,-1.312294348,-1.22136892
-1.470550368,-1.316788224,-1.209541532
-1.468671852,-1.32893448,-1.226146028
-1.4433567800000002,-1.315666648,-1.198194068
-1.4665244280000003,-1.3257210920000002,-1.21055802
-1.458901148,-1.3241542480000001,-1.219924512
-1.4688243520000002,-1.331618624,-1.212388392
-1.464467464,-1.3248470760000002,-1.2296686719999999
-1.452687368,-1.332134704,-1.194408048
-1.456386152,-1.318195584,-1.205130912
-1.4596379160000001,-1.3238433280000002,-1.209237464
-1.458577356,-1.329142164,-1.214365752
-1.4721504399999998,-1.331032832,-1.1990561400000002
-1.4826776520000002,-1.33155334,-1.22083954
-1.454709372,-1.3241803639999998,-1.225625668
-1.4722177520000002,-1.3253209799999999,-1.221596624
-1.4670429360000001,-1.331882932,-1.209567208
-1.4541601080000002,-1.3314974640000001,-1.206267956
-1.470448832,-1.32433578,-1.211826784
-1.4628722,-1.3285689,-1.2106947959999999
-1.4708072440000002,-1.326697404,-1.210464516
-1.464111808,-1.3313271880000002,-1.225310768
-1.45964776,-1.313167372,-1.210865524
-1.4563546,-1.3245631080000002,-1.219469924
-1.458942328,-1.310254736,-1.2132625520000002
-1.460414916,-1.3181629639999999,-1.216192844
-1.4549103360000002,-1.327562156,-1.206272156
-1.467119096,-1.309509188,-1.221849084
-1.460702628,-1.33239018,-1.21832238
-1.46178466,-1.3287783359999998,-1.220344152
-1.456157832,-1.3176177839999998,-1.21963892
-1.4507584439999999,-1.319095536,-1.209958612
-1.4782905039999998,-1.318201876,-1.20308404
-1.453798432,-1.314195288,-1.213594288
-1.461390852,-1.301151344,-1.222088244
-1.471211244,-1.318928064,-1.213522636
-1.465305516,-1.3123911120000002,-1.2150399920000001
-1.466664728,-1.3269936320000002,-1.2169407200000002
-1.3934167960000001,-1.2553655559999999,-1.149914656
-1.39115932,-1.247345568,-1.162788032
-1.381631392,-1.276810628,-1.171587028
-1.38661938,-1.255660452,-1.16908076
-1.384571508,-1.25348606,-1.163386124
-1.3946883159999999,-1.2653171040000002,-1.155755492
-1.3873788360000001,-1.266442848,-1.1645265960000002
-1.395331676,-1.2616558599999999,-1.1678304280000003
-1.37415052,-1.248959192,-1.161068824
-1.3686681200000002,-1.25445332,-1.1684587480000002
-1.38460698,-1.275648288,-1.145366412
-1.401651072,-1.2582126479999998,-1.163392956
-1.3963204519999999,-1.26208162,-1.1556332640000002
-1.379451704,-1.2536277040000001,-1.16269744
-1.3951671159999999,-1.2638253799999999,-1.157104928
-1.3792903840000001,-1.25586436,-1.149753748
-1.38799968,-1.26456498,-1.1570532359999999
-1.379852252,-1.270165644,-1.170703808
-1.4380864160000002,-1.3046755439999997,-1.2046816200000001
-1.333059228,-1.2198865079999999,-1.1357534960000002
-1.446482492,-1.3118558120000001,-1.201832764
-1.440784496,-1.2958864920000002,-1.2009896399999997
-1.423726888,-1.3003157120000002,-1.192262452
-1.444435848,-1.309138992,-1.19572186
-1.430235312,-1.2858113240000002,-1.201131028
-1.422951496,-1.289251664,-1.184342636
-1.437110432,-1.2950967960000002,-1.2054187600000001
-1.447494164,-1.32498336,-1.218440876
-1.4697136199999998,-1.309232052,-1.212221296
-1.447812928,-1.3181138559999999,-1.196640868
-1.4433986520000002,-1.302956516,-1.205477452
-1.462003228,-1.3145611640000001,-1.21335642
-1.44890844,-1.303533968,-1.2075206440000001
-1.4344901440000002,-1.336761788,-1.193090712
-1.473111192,-1.3116954640000003,-1.229093176
-1.45673242,-1.312676688,-1.210007876
-1.4436945360000002,-1.322913528,-1.2083422719999999
-1.4395452000000002,-1.2988494440000002,-1.2201178240000001
-1.4348654440000002,-1.313145388,-1.2158141040000001
-1.45783634,-1.30026384,-1.198195688
-1.4541174000000001,-1.3262861400000001,-1.20719722
-1.4537746839999999,-1.316460736,-1.187688592
-1.4395504840000002,-1.314152932,-1.189442244
-1.444538252,-1.323559156,-1.2117083
-1.442837828,-1.31060842,-1.1966931440000002
-1.460408168,-1.329028584,-1.221016532
-1.456084076,-1.329106544,-1.198890724
-1.44920322,-1.30866968,-1.1982992600000002
-1.4453613920000001,-1.317549864,-1.2033074920000002
-1.460430496,-1.3114418,-1.183556856
-1.445184028,-1.295209028,-1.201270868
-1.430846884,-1.2949965479999999,-1.192621528
-1.454844628,-1.307392504,-1.199077188
-1.442074728,-1.303832096,-1.202345004
-1.4487772920000002,-1.31943758,-1.2195851560000002
-1.4483782640000002,-1.3221980759999998,-1.2070653359999999
-1.45165458,-1.3102738839999999,-1.212493172
-1.451729492,-1.316746724,-1.2049493800000002
-1.446308076,-1.302373492,-1.209629364
-1.4505121239999998,-1.29978532,-1.205406036
-1.4571181640000002,-1.307211968,-1.209833944
-1.4363638440000002,-1.302324652,-1.2020936160000002
-1.45558236,-1.3140786560000002,-1.2031867760000001
-1.445081452,-1.305877204,-1.20875582
-1.4522258840000002,-1.30236368,-1.213704608
-1.4595991480000001,-1.3087064959999999,-1.19486266
-1.4487810239999999,-1.3151056760000002,-1.205451856
-1.453714888,-1.3188407880000002,-1.1975524080000002
-1.441015136,-1.3156216120000002,-1.198707064
-1.4469684520000001,-1.321380764,-1.208344348
-1.4472414320000002,-1.2968622280000002,-1.2138442360000001
-1.455734828,-1.293133512,-1.213132668
-1.448138388,-1.310888916,-1.192313768
-1.4559327160000002,-1.3252837040000003,-1.197608068
-1.4490291640000001,-1.307400532,-1.20344406
-1.4466037999999999,-1.3149187080000002,-1.2085763200000001
-1.452631204,-1.311556804,-1.195699864
-1.4522724839999999,-1.312407268,-1.202150864
-1.4505695760000001,-1.3047238879999998,-1.20329872
-1.4414864120000002,-1.308952804,-1.2189060799999998
-1.450381668,-1.322484376,-1.2008913440000002
-1.441160136,-1.315461684,-1.203262304
-1.4367026320000003,-1.3193115880000001,-1.207363504
-1.4544594720000001,-1.324196656,-1.209915036
-1.4495141480000002,-1.3102274600000001,-1.212717012
-1.4430853959999999,-1.308362092,-1.2128101039999999
-1.442129472,-1.305556804,-1.209339168
-1.445808244,-1.298354176,-1.207985888
-1.4668102,-1.3335177120000001,-1.219058556
-1.441389844,-1.3079356160000002,-1.2007959000000001
-1.442318452,-1.314417448,-1.208970332
-1.457753172,-1.31011928,-1.19854754
-1.443857072,-1.302521776,-1.206988888
-1.452365216,-1.310733536,-1.19831442
-1.453646972,-1.303383988,-1.2096857920000001
-1.457263248,-1.31685614,-1.204702592
-1.446386848,-1.322110588,-1.20348864
-1.448211324,-1.30552412,-1.202732164
-1.449228444,-1.31762254,-1.214462108
-1.439228988,-1.310779608,-1.1972621240000003
-1.4432109199999998,-1.309051912,-1.195804924
-1.458918,-1.310258492,-1.1970884000000002
-1.4535067480000001,-1.320748904,-1.201708164
-1.4448539999999999,-1.303538164,-1.216374224
-1.4565934,-1.29414232,-1.211796772
-1.4550062760000002,-1.302083048,-1.201978968
-1.4458016,-1.309373896,-1.205036508
-1.4526048,-1.3172447040000002,-1.1942157839999998
-1.455513088,-1.316492196,-1.217253188
-1.4586904600000001,-1.319032368,-1.1995233680000001
-1.438180368,-1.325486976,-1.207115208
-1.454490532,-1.2988771,-1.1940560400000002
-1.454814516,-1.3195489080000002,-1.202379984
-1.45758284,-1.305460232,-1.200378608
-1.4450300080000003,-1.315840968,-1.1923382
-1.461344248,-1.31329398,-1.20606406
-1.445787004,-1.304329684,-1.18531352
-1.4535757280000001,-1.318802364,-1.209289816
-1.4661709,-1.3214958600000002,-1.2261938880000003
-1.45788932,-1.304643748,-1.2062700680000003
-1.43873362,-1.316476784,-1.1917831
-1.4428722,-1.30199874,-1.204635616
-1.449482444,-1.3124602680000002,-1.218269316
-1.450859868,-1.3071879839999998,-1.196059236
-1.440409524,-1.3219715840000001,-1.185435936
-1.466958984,-1.3237874880000002,-1.21336712
-1.459138284,-1.31783134,-1.2137561040000002
-1.467362612,-1.3051578480000001,-1.208768736
-1.44549348,-1.305054484,-1.207426672
-1.463254256,-1.316801624,-1.211195304
-1.45620386,-1.3067615160000001,-1.1998494120000003
-1.46167348,-1.313643624,-1.206563684
-1.468501988,-1.320192368,-1.210092892
-1.451208108,-1.31932902,-1.1976042480000002
-1.464145404,-1.324981472,-1.2169438479999999
-1.4496007480000002,-1.3246067519999998,-1.206923588
-1.4575744,-1.33318954,-1.230931952
-1.452224412,-1.3252367040000002,-1.196167524
-1.463056224,-1.30535564,-1.2084462999999999
-1.44858692,-1.3236828840000001,-1.202783972
-1.4622908040000002,-1.317296496,-1.2039698559999998
-1.455796228,-1.316799224,-1.2065476560000001
-1.4563177800000002,-1.3117975160000002,-1.2006595039999999
-1.4722806280000003,-1.31997548,-1.2023358
-1.469146132,-1.3253065320000001,-1.214087524
-1.4622229,-1.310752452,-1.219397204
-1.4738123280000002,-1.330553076,-1.231408768
-1.4653052240000002,-1.3295331400000001,-1.199046324
-1.453314932,-1.3112619840000002,-1.2244157759999998
-1.4704245120000001,-1.3220704360000002,-1.215839972
-1.468619672,-1.332409816,-1.2113270680000001
-1.475150328,-1.327881464,-1.21901916
-1.458391144,-1.34031816,-1.2096774680000002
-1.46048384,-1.303492216,-1.198275284
-1.4577445,-1.315497268,-1.225413232
-1.461028664,-1.321034444,-1.203863536
-1.4837314520000002,-1.3249898720000002,-1.22542334
-1.4715013680000002,-1.33171408,-1.199426116
-1.4478799199999999,-1.303463852,-1.2026819800000002
-1.471331664,-1.332857504,-1.217363068
-1.466516016,-1.318906512,-1.215791372
-1.458452404,-1.338995996,-1.231798068
-1.464766864,-1.3118369559999998,-1.2274316799999998
-1.4596007679999998,-1.307657688,-1.2164181280000002
-1.4566334680000002,-1.3164976800000001,-1.2104949320000002
-1.4647082720000002,-1.31709656,-1.2147267640000001
-1.456375644,-1.317272912,-1.213077484
-1.45692674,-1.323687448,-1.216936928
-1.4535001920000001,-1.335697936,-1.208867576
-1.463709532,-1.316403116,-1.201437576
-1.46817778,-1.313795096,-1.2263107480000002
-1.465969404,-1.324393988,-1.2197740639999999
-1.468997176,-1.314432536,-1.2131919759999998
-1.459868444,-1.31570218,-1.2238366079999998
-1.4541030280000002,-1.332440124,-1.220995352
-1.46091864,-1.324261048,-1.2134700120000002
-1.451013992,-1.304802572,-1.201120448
-1.463836352,-1.329050236,-1.20389736
-1.4632987000000002,-1.319922272,-1.2142706840000002
-1.45896998,-1.3232894000000002,-1.223142516
-1.471233508,-1.323136752,-1.216464164
-1.456597664,-1.3159841840000002,-1.2199019
-1.46168844,-1.3295666359999998,-1.204412384
-1.470559596,-1.31178576,-1.22262192
-1.47207088,-1.329408856,-1.213521244
-1.470743572,-1.323271848,-1.2125478200000002
-1.45747654,-1.34327986,-1.2111023040000002
-1.476179256,-1.3297652960000002,-1.2270558960000002
-1.4828077960000001,-1.318286024,-1.21481368
-1.458602596,-1.336281032,-1.1945787319999999
-1.4744134519999998,-1.322502888,-1.2075900320000001
-1.459821224,-1.322784776,-1.2172582200000002
-1.4573344600000002,-1.320795264,-1.201944132
-1.464124972,-1.313079848,-1.210557356
-1.4643888720000002,-1.338843552,-1.21933002
-1.466990236,-1.321500396,-1.216563312
-1.473604088,-1.3176519080000002,-1.224712548
-1.4556413080000001,-1.313358164,-1.2210357880000002
-1.451019604,-1.329157844,-1.22863616
-1.461219136,-1.331270728,-1.208949212
-1.4743085200000001,-1.337173332,-1.202315772
-1.477955296,-1.315047284,-1.214449444
-1.457209104,-1.322851064,-1.207318764
-1.450836764,-1.331183336,-1.221312756
-1.462860628,-1.3187003560000001,-1.224345996
-1.4563783920000002,-1.3120359480000001,-1.20056404
-1.45651138,-1.3218804880000001,-1.216732852
-1.4625811480000002,-1.332563104,-1.22025018
-1.469593232,-1.3174560960000001,-1.201724432
-1.463935544,-1.316265072,-1.208351828
-1.444930932,-1.342188036,-1.204313368
-1.44148188,-1.319231864,-1.2060842120000002
-1.444641448,-1.323697208,-1.2114963079999999
-1.462055064,-1.313343148,-1.208569232
-1.466288432,-1.324545896,-1.2079555119999998
-1.463654864,-1.321364664,-1.2007552879999999
-1.466669432,-1.313756156,-1.2171183079999999
-1.463940752,-1.3148385040000001,-1.2117965880000001
-1.46056256,-1.32685542,-1.21090242
-1.481740008,-1.323230552,-1.2121863920000002
-1.450426528,-1.326720108,-1.214895496
-1.4483409800000002,-1.331801692,-1.222438756
-1.470366088,-1.334837832,-1.195933484
-1.46726552,-1.315858952,-1.21617298
-1.4660114119999998,-1.309753088,-1.20980966
-1.4684053000000001,-1.3262912160000002,-1.2201804600000001
-1.460030452,-1.3364502200000001,-1.216773752
-1.4660335960000002,-1.330360916,-1.1937729760000002
-1.4715821679999999,-1.3328802199999998,-1.2051517240000003
-1.456836864,-1.3150149160000002,-1.2088313800000001
-1.458634016,-1.3430605320000002,-1.2235352720000001
-1.467463008,-1.335300892,-1.229434932
-1.46907442,-1.3188852720000002,-1.221013372
-1.455654652,-1.3309760680000002,-1.1983652519999999
-1.481617188,-1.3211141960000001,-1.210954784
-1.4571587480000001,-1.3160536680000001,-1.213339404
-1.471706636,-1.306624268,-1.233275416
-1.461292876,-1.326038648,-1.2156131479999999
-1.450010604,-1.324843016,-1.212445284
-1.456834664,-1.311607972,-1.204446448
-1.476074424,-1.3410308960000001,-1.2228419160000001
-1.469857916,-1.324986564,-1.214247384
-1.456174712,-1.3279147880000002,-1.2025628480000001
-1.46508992,-1.317051072,-1.225318552
-1.448214728,-1.326132032,-1.207813544
-1.4637622120000002,-1.3396735160000002,-1.211657508
-1.454729868,-1.3347724,-1.225894792
-1.471496792,-1.3185551919999998,-1.2160389040000001
-1.46107598,-1.320978824,-1.211515444
-1.4599156240000002,-1.326193628,-1.202010232
-1.4599596,-1.336078812,-1.2117924
-1.4627372639999998,-1.317290508,-1.2160284000000001
-1.453762752,-1.3298577520000001,-1.221206644
-1.461022348,-1.316734152,-1.205823984
-1.4766122799999999,-1.3338133360000002,-1.223205128
-1.451524276,-1.329566564,-1.2119452720000001
-1.4615545,-1.317039668,-1.212564824
-1.460044492,-1.324309784,-1.211295596
-1.4589689840000002,-1.3210094879999998,-1.209406284
-1.457118344,-1.3427904960000001,-1.2185654760000002
-1.4562743,-1.324392556,-1.2123245599999999
-1.4544024880000002,-1.334770308,-1.2164802920000002
-1.47690308,-1.314304012,-1.20632234
-1.471440136,-1.326689488,-1.206433328
-1.4706941920000003,-1.333071828,-1.2058813080000002
-1.474515172,-1.320930024,-1.207548272
-1.46699094,-1.319854672,-1.2137220640000002
-1.4648485880000002,-1.303552,-1.213467884
-1.4663114080000001,-1.326049768,-1.234985492
-1.4667069480000001,-1.3194519599999999,-1.217835932
-1.4576385760000001,-1.315349448,-1.2070433600000001
-1.468711572,-1.326933292,-1.2066702120000001
-1.4695445,-1.337062248,-1.2219270000000002
-1.45735086,-1.322827456,-1.2113774080000002
-1.472893384,-1.3391255480000002,-1.203136276
-1.456703668,-1.3252103080000002,-1.20614534
-1.4692220679999999,-1.327740168,-1.191778392
-1.458867628,-1.32351506,-1.226217564
-1.461861076,-1.3316014040000002,-1.2141369
-1.4684730240000001,-1.323731744,-1.2145875560000001
-1.4609210520000002,-1.319915036,-1.227610144
-1.463889928,-1.331579368,-1.2146043800000002
-1.463685636,-1.329291656,-1.2067476160000001
-1.4793531720000002,-1.310921092,-1.217178328
-1.480446308,-1.32249978,-1.2072685719999998
-1.463462668,-1.331206888,-1.219512756
-1.455125052,-1.3235473119999999,-1.217355272
-1.4661545399999998,-1.328405792,-1.203273384
-1.470105648,-1.321142852,-1.205409968
-1.4646246440000001,-1.318877152,-1.215456864
-1.4578546000000001,-1.340666944,-1.214921664
-1.46723156,-1.321723272,-1.227891356
-1.480037048,-1.332468332,-1.207274852
-1.4585820040000002,-1.333283152,-1.215996868
-1.4644771400000003,-1.318972592,-1.211603628
-1.4804321999999999,-1.32119758,-1.213901972
-1.4665660839999999,-1.333156272,-1.228516064
-1.4620659,-1.3318603880000002,-1.2172790599999999
-1.4628238839999999,-1.327337236,-1.1988566000000003
-1.4668125280000002,-1.3260319760000001,-1.207464452
-1.456112652,-1.328673996,-1.222040288
-1.463553808,-1.317499796,-1.203665688
-1.466323408,-1.327547708,-1.218847108
-1.471877788,-1.33906238,-1.22347342
-1.4601113159999999,-1.3211732760000001,-1.217764476
-1.47126424,-1.308535648,-1.2281389999999999
-1.451992908,-1.331050796,-1.20917472
-1.477128504,-1.324427632,-1.2043493040000002
-1.4521758640000002,-1.318483392,-1.2234596560000002
-1.4677709920000002,-1.329173568,-1.2112095040000002
-1.47334676,-1.322606108,-1.2123445439999998
-1.46515792,-1.3248835520000002,-1.21788012
-1.46831346,-1.3301250759999999,-1.234287172
-1.466321052,-1.3112644720000002,-1.196425064
-1.456062168,-1.3246930080000001,-1.192229644
-1.4674588920000002,-1.3251975280000001,-1.235185436
-1.471269336,-1.325909272,-1.215538376
-1.4688785720000002,-1.3208216720000001,-1.210318252
-1.4691683400000002,-1.328790648,-1.2272705879999999
-1.4641473800000002,-1.3213099560000001,-1.215433692
-1.46209708,-1.3405034480000002,-1.2288276880000002
-1.471659228,-1.3200838719999999,-1.2217669839999998
-1.458687684,-1.336725924,-1.208665772
-1.4686887880000001,-1.344124884,-1.220713888