-1.09749382,-1.0658129479999998,-1.0451214199999999,-1.017443148,-1.002278928,-0.96877322,-0.9669308679999999,-0.934698828,-0.935002004,-0.919394912
-0.930406376,-0.921423908,-0.899736972,-0.884430964,-0.8736212520000001,-0.847154108,-0.8495817,-0.835583736,-0.83152042,-0.8349411919999999
-1.185776108,-1.151864092,-1.118692872,-1.076561448,-1.0663726800000002,-1.033083012,-1.0124049,-0.985919544,-0.971595764,-0.955460136
-0.967212116,-0.9318376800000001,-0.919712336,-0.9059593560000001,-0.905367208,-0.908751648,-0.888724248,-0.8669254120000001,-0.864030304,-0.8647703360000001
-0.848205044,-0.847694156,-0.8547672479999999,-0.859295268,-0.844100952,-0.8522087,-0.861148384,-0.8609648280000001,-0.842765124,-0.8428147520000001
-0.993557204,-0.94838598,-0.91990624,-0.893654652,-0.89136634,-0.87567052,-0.8762673839999999,-0.851809756,-0.846213764,-0.8492901639999999
-1.216061328,-1.1728343200000002,-1.113688636,-1.096984124,-1.054073952,-1.025716944,-1.005430012,-0.9775683,-0.94538586,-0.93015646
-1.122157576,-1.095713592,-1.073694988,-1.04820196,-1.033602456,-1.018437172,-0.995150084,-1.245861868,-1.1889995560000002,-1.1475098479999999
-1.566164084,-1.495058732,-1.4167142,-1.359187724,-1.2753265160000002,-1.2398448800000001,-1.185108852,-1.1600810719999999,-1.114590556,-1.0915521719999999
-1.560221628,-1.4809591960000001,-1.41310084,-1.342709288,-1.310069256,-1.255951016,-1.1806003440000001,-1.144749016,-1.116598696,-1.075652132
-0.704304048,-0.708449876,-0.724842128,-0.7300541,-0.7379329960000001,-0.767321916,-0.765854132,-0.7743279040000001,-0.76743448,-0.7881874440000001
-0.79492944,-0.78909834,-0.786057392,-0.780550568,-0.773849676,-0.77641024,-0.757837516,-0.7871046119999999,-0.7649633440000001,-0.784194704
-0.37859385999999995,-0.433792528,-0.47702192,-0.506794668,-0.5526037880000001,-0.567059348,-0.589158068,-0.620778536,-0.6360537680000001,-0.657069848
-0.713911784,-0.7283352160000001,-0.7375455360000001,-0.7536306400000001,-0.762569156,-0.760723436,-0.758612504,-0.7644987959999999,-0.7706716560000001,-0.76932398
-0.898794276,-0.8835027639999999,-0.8805756400000001,-0.87025796,-0.88261992,-0.871011268,-0.851385856,-0.8685394200000001,-0.848632504,-0.8588848920000001
-1.068465652,-1.042809836,-1.006984064,-0.9888888159999999,-0.950006076,-0.9289155960000001,-0.921139268,-0.9039448,-0.879974064,-0.8770080400000001
-0.737628612,-0.754199248,-0.7527815720000001,-0.768366812,-0.773625204,-0.757684772,-0.7841077160000001,-0.766474652,-0.766937988,-0.7843408119999999
-1.1059070400000002,-1.0652012800000001,-1.047312628,-1.026255376,-1.005898704,-1.007396904,-0.9874246839999999,-0.973216324,-0.964363768,-0.9548002120000001
-0.734818156,-0.746064464,-0.761348412,-0.7723578240000001,-0.771513616,-0.7933914,-0.801255604,-0.799890528,-0.79985542,-0.809420396
-0.7731170800000001,-0.78476762,-0.789050852,-0.8051224640000001,-0.82880564,-0.830770564,-0.8131975560000001,-0.826166196,-0.846006068,-0.850833036
-0.720416212,-0.721758244,-0.713327596,-0.728882892,-0.742435664,-0.736494576,-0.729623528,-0.755480656,-0.744874692,-0.7477577120000001
-0.629765516,-0.6500517,-0.667841196,-0.6865059039999999,-0.698908912,-0.695901552,-0.718656816,-0.7266648480000001,-0.7417855600000001,-0.736621304
-0.9051039120000001,-0.8924304160000001,-0.898545264,-0.873443312,-0.872892492,-0.8611764000000001,-0.852223788,-0.840469064,-0.834314492,-0.843782068
-1.03604204,-1.03193224,-0.996234864,-0.9906108,-0.980792892,-0.957824204,-0.9448506400000001,-0.934024496,-0.923105488,-0.9264904119999999
-0.7047721,-0.7391021640000001,-0.7567607999999999,-0.7538617200000001,-0.7655086759999999,-0.76934732,-0.7905582840000001,-0.79119878,-0.80071366,-0.7948525679999999
-0.905074572,-0.878429316,-0.860467756,-0.857700244,-0.843022976,-0.8299296119999999,-0.833602476,-0.808955684,-0.809558432,-0.8118187360000001
-0.71770986,-0.7073625880000001,-0.71823936,-0.729442676,-0.72453462,-0.739134784,-0.752629904,-0.74694358,-0.7419336959999999,-0.74783332
-1.16202416,-1.124626608,-1.088478064,-1.086360728,-1.044127188,-1.022102592,-1.0053492880000001,-0.975752376,-0.968346392,-0.9766250160000001
-1.1169464119999999,-1.0838695440000001,-1.0595897479999998,-1.027287316,-1.002232932,-0.975769756,-0.965499604,-0.9504910440000001,-0.929711736,-0.923418016
-1.46000598,-1.375086292,-1.3204004440000001,-1.2691185800000002,-1.210363,-1.16412994,-1.1380617120000003,-1.099036332,-1.057561596,-1.0541268719999999
-1.400415152,-1.315778356,-1.271182396,-1.204663152,-1.181154024,-1.134484796,-1.087994948,-1.071489288,-1.04297582,-1.002223748
-1.3594534440000001,-1.302862936,-1.2544971999999999,-1.1887962600000002,-1.173082068,-1.112891504,-1.100195996,-1.053013392,-1.023317416,-1.033006756
-1.441925208,-1.3711422560000002,-1.31772562,-1.254130888,-1.205284832,-1.159096292,-1.133850104,-1.1153917240000002,-1.073846244,-1.034809476
-1.092601084,-1.065777392,-1.029758296,-1.009559452,-0.984832372,-0.954713752,-0.963192896,-0.929225932,-0.9407589559999999,-0.9084814360000001
-1.032405136,-1.012093024,-0.985021108,-0.968938604,-0.93491268,-0.936285072,-0.9212518040000001,-0.902558164,-0.898337204,-0.8701711240000001
-1.3078209200000002,-1.2496800719999999,-1.188354276,-1.16125846,-1.111530564,-1.0723688,-1.034200432,-1.01368584,-0.986882456,-0.9666994080000001
-1.1639938680000002,-1.1286401160000001,-1.081795676,-1.041400668,-1.018141344,-0.976057548,-0.980296536,-0.954943592,-0.927464344,-0.916341056
-1.038088868,-1.012464216,-0.96728316,-0.958258204,-0.929957508,-0.916314304,-0.893351596,-0.880756948,-0.870687828,-0.8611510520000001
-1.160612496,-1.103744612,-1.065123532,-1.023271012,-1.000519396,-0.9871481919999999,-0.9561539240000001,-0.9327844,-0.9164604639999999,-0.889332976
-1.4048976,-1.3314606599999999,-1.268810408,-1.228813204,-1.18444308,-1.1525397880000001,-1.113128868,-1.079340804,-1.041739892,-1.025862212
-1.384099416,-1.291132132,-1.264366256,-1.21199352,-1.183646876,-1.133634692,-1.09195698,-1.0667303399999999,-1.044057924,-1.024422352
-1.183919288,-1.12848214,-1.0912128559999998,-1.0826773760000001,-1.013880644,-0.984183092,-0.9695768,-0.9506758000000001,-0.938374244,-0.909426936
-1.012327116,-0.9801823080000001,-0.959393596,-0.943978076,-0.923995296,-0.901099212,-0.867795616,-0.861288328,-0.8669854039999999,-0.845308536
-1.2083230120000001,-1.161972896,-1.133841852,-1.120002104,-1.0718763439999999,-1.0402995640000001,-1.02981672,-0.99702396,-0.9934934400000001,-0.951471228
-1.3152402840000001,-1.2387731480000002,-1.205161208,-1.1690011640000002,-1.133718416,-1.0929555039999999,-1.059991808,-1.03576354,-0.99904328,-0.980363144
-1.4074265760000002,-1.365869036,-1.28545544,-1.2452820480000002,-1.2006349800000002,-1.16513424,-1.13483342,-1.1034709200000001,-1.050190668,-1.0294987
-1.078923796,-1.045377232,-1.01965754,-0.998831588,-0.970785172,-0.955428792,-0.9368242840000001,-0.9185656320000001,-0.912174472,-0.894269916
-1.321287244,-1.250485268,-1.210589532,-1.176720056,-1.12541166,-1.09833206,-1.062992956,-1.039049136,-1.005889136,-0.9886108840000001
-1.007016988,-0.982732204,-0.958946268,-0.922424848,-0.906094892,-0.900310332,-0.892132748,-0.868973932,-0.862020016,-0.868182004
-1.333328116,-1.282562232,-1.233876092,-1.177313984,-1.170133032,-1.131157824,-1.088868448,-1.059722308,-1.036846828,-1.028262856
-1.176067016,-1.1300035880000001,-1.100585176,-1.0528971239999998,-1.032481792,-1.013696248,-0.9854845200000001,-0.9536924720000001,-0.944631476,-0.92544576
-1.308029712,-1.2583180719999998,-1.202930676,-1.171416588,-1.1238301320000001,-1.0932413079999999,-1.0770663839999999,-1.04902078,-1.01347486,-1.00186226
-1.4758849680000001,-1.4230402199999999,-1.31825612,-1.271713964,-1.219908468,-1.177422476,-1.13730692,-1.08407642,-1.062406564,-1.048267244
-1.5129279359999999,-1.42803,-1.361452544,-1.3030551039999998,-1.2316010480000001,-1.201174476,-1.160931804,-1.11418558,-1.080395416,-1.051177388
-0.9104529080000001,-0.8980572760000001,-0.8735396280000001,-0.879723844,-0.848431488,-0.8384510919999999,-0.818473024,-0.81622748,-0.81634062,-0.795645308
-1.434898652,-1.360325676,-1.323054948,-1.2500530159999999,-1.2020391480000001,-1.135539524,-1.12508938,-1.0856843999999999,-1.03771634,-1.029828996
-1.497938048,-1.426851844,-1.362878524,-1.31617788,-1.243141992,-1.19490144,-1.145727484,-1.10482786,-1.073080104,-1.046527328
-1.553467368,-1.4819297120000001,-1.395989884,-1.313125772,-1.26201938,-1.2186943239999999,-1.167387636,-1.1276392080000002,-1.088375196,-1.087436812
-1.5484444120000003,-1.471187332,-1.38177274,-1.333270088,-1.267895696,-1.22708226,-1.1724584,-1.1242331559999998,-1.085938412,-1.051827032
-1.537760068,-1.46201264,-1.397184812,-1.323842868,-1.2795617,-1.208216736,-1.15400048,-1.1113935480000001,-1.099066628,-1.055867168
-1.5453477160000002,-1.455870524,-1.396022368,-1.298905464,-1.266730868,-1.211282644,-1.1579262160000001,-1.137703108,-1.086720528,-1.065211268
-1.542067536,-1.4611846120000003,-1.39204358,-1.320803304,-1.267338348,-1.202854464,-1.1660683920000001,-1.144377468,-1.071802932,-1.062900124
-1.550459548,-1.45721662,-1.3797123439999999,-1.326999968,-1.270525396,-1.227542232,-1.1660600239999999,-1.125099204,-1.089046844,-1.067458064
-1.555581052,-1.4533284560000002,-1.376678852,-1.410332904,-1.3485528759999998,-1.2829543760000002,-1.249749236,-1.198576604,-1.161356456,-1.1262741400000003
-1.579769824,-1.484090908,-1.414867344,-1.3316528399999998,-1.2943397200000002,-1.2483028639999998,-1.1994381,-1.148649408,-1.120570948,-1.0690051680000001
-1.567692112,-1.485645668,-1.417364008,-1.3526017160000001,-1.2927766159999998,-1.24797698,-1.2054204880000001,-1.151751124,-1.118634748,-1.100325592
-1.5664094080000002,-1.489954084,-1.391552268,-1.3470707519999998,-1.29878182,-1.2388327840000002,-1.212811656,-1.155223988,-1.12339302,-1.069444924
-0.8919126239999999,-0.882589648,-0.870374228,-0.8518903,-0.856827292,-0.8503548000000001,-0.838209508,-0.8334621919999999,-0.820875952,-0.8149947160000001
-0.930379624,-0.906903568,-0.9280023960000001,-0.911870928,-0.907551784,-0.910129016,-0.921498332,-0.8984089080000001,-0.906633672,-0.901205856
-0.846092832,-0.8570481560000001,-0.8484548080000001,-0.8472674440000001,-0.843513784,-0.8438924360000001,-0.8465163,-0.8393733200000001,-0.825983228,-0.834496356
-1.021502124,-1.00608674,-0.9825852479999999,-0.9575910080000001,-0.9556033079999999,-0.947864208,-0.903530496,-0.8867406999999999,-0.893175604,-0.886146376
-0.724393984,-0.73867016,-0.7227153479999999,-0.742584864,-0.7314989040000001,-0.754255372,-0.7494075880000001,-0.771608932,-0.7634561080000001,-0.770803992
-0.8592069240000001,-0.8305337360000001,-0.8606871560000001,-0.8396455679999999,-0.8372210840000001,-0.8463670520000001,-0.8366384560000001,-0.829402768,-0.8248099959999999,-0.8182327720000001
-0.643073248,-0.6490774039999999,-0.6747823799999999,-0.6763096160000001,-0.6911691680000001,-0.713329644,-0.7132645000000001,-0.726004096,-0.72867522,-0.725894544
-0.879343672,-0.879094892,-0.869601892,-0.840562272,-0.835891644,-0.82548664,-0.830062112,-0.801453432,-0.803256696,-0.7997401319999999
-0.784151988,-0.768380708,-0.76934278,-0.7785866960000001,-0.77617082,-0.7758934000000001,-0.793394332,-0.7578906280000001,-0.766088784,-0.7716426120000001
-0.516524576,-0.56876902,-0.580079472,-0.6075043840000001,-0.620777428,-0.6388976160000001,-0.649826236,-0.646094476,-0.669961372,-0.698434752
-0.9086990960000001,-0.90860898,-0.8849253119999999,-0.874366728,-0.851545672,-0.853541404,-0.875037084,-0.8522569080000001,-0.850977116,-0.836003492
-0.8885259919999999,-0.884166768,-0.8927923240000001,-0.8750221720000001,-0.886795024,-0.881919076,-0.880933376,-0.874445464,-0.871682192,-0.857489056
-0.767751996,-0.769974972,-0.785168904,-0.781094348,-0.7868137080000001,-0.7778506279999999,-0.79265502,-0.795670048,-0.794046124,-0.79568898
-0.7617810880000001,-0.786373716,-0.776123036,-0.790721164,-0.7854024079999999,-0.793062816,-0.79030142,-0.801189224,-0.795451668,-0.788725436
-0.8560492439999999,-0.868825184,-0.8530045079999999,-0.863397248,-0.829427304,-0.827129828,-0.8328940840000001,-0.82651662,-0.8352064960000001,-0.819805472
-1.0475382160000002,-1.02227138,-0.995591984,-0.970575148,-0.9559662600000001,-0.9220189320000001,-0.915970256,-0.906609932,-0.87660446,-0.867989724
-0.88177328,-0.8756536,-0.8760030200000001,-0.858760548,-0.846051704,-0.8431491240000001,-0.8405739480000001,-0.825257144,-0.835062652,-0.81865418
-1.147108324,-1.1161119640000001,-1.0989193999999998,-1.070213676,-1.0291050359999998,-1.0122809599999998,-1.007940236,-0.9752925160000001,-0.9853221480000001,-0.9566129200000001
-0.711332084,-0.726225244,-0.751545808,-0.7646610239999999,-0.760085412,-0.759355176,-0.775266088,-0.786573976,-0.777065892,-0.7856432839999999
-0.85085686,-0.85657794,-0.867477472,-0.8703648319999999,-0.878718768,-0.870399624,-0.869194276,-0.8759510760000001,-0.8583735360000001,-0.876008984
-1.153179576,-1.122007116,-1.0962218799999999,-1.061907932,-1.032833012,-1.019065584,-0.989537184,-0.985514148,-0.974918056,-0.938556972
-1.090825788,-1.055929776,-1.052056548,-1.022028532,-1.00409712,-0.969450124,-0.9702159,-0.9421298800000001,-0.9306156,-0.9280092640000001
-0.760886836,-0.776192888,-0.7819543040000001,-0.8046612200000001,-0.8257510720000001,-0.817992784,-0.844129028,-0.834460212,-0.821915608,-0.8650823480000001
-1.038936332,-1.009976824,-1.011653904,-0.986513344,-0.955581672,-0.948135964,-0.9088147,-0.9159554320000001,-0.915617016,-0.895277728
-1.22450332,-1.194051364,-1.1494881959999999,-1.116145744,-1.1037516280000002,-1.054513276,-1.0256358959999998,-1.010939712,-0.996028048,-0.970590256
-1.2662756240000002,-1.202685052,-1.17549464,-1.140926796,-1.094235128,-1.058648736,-1.057110168,-0.983919624,-0.999527564,-0.9641674960000001
-1.398169912,-1.342057448,-1.2778467760000003,-1.23526824,-1.1732343,-1.132568304,-1.090202144,-1.0711283759999999,-1.055289524,-1.012979696
-1.440446744,-1.348749728,-1.286883428,-1.257680184,-1.202274552,-1.147589496,-1.1180927520000001,-1.0713016960000001,-1.05520378,-1.01305292
-1.4282368120000002,-1.3714098319999999,-1.290164928,-1.25846084,-1.18682602,-1.1619586,-1.116069904,-1.0527631080000002,-1.060683332,-1.026063188
-1.4741363559999998,-1.399343576,-1.326843532,-1.2797692639999998,-1.21980992,-1.170254596,-1.1186595480000001,-1.082605236,-1.059927764,-1.0431345120000002
-1.41498396,-1.357474236,-1.3035341520000001,-1.2570767760000001,-1.182518152,-1.164904952,-1.1043859440000001,-1.0773650240000001,-1.0318621440000002,-1.028850168
-1.444710408,-1.377082716,-1.3126259960000002,-1.253460672,-1.204795116,-1.147090768,-1.12663174,-1.0643170400000002,-1.063405548,-1.022907716
-1.441895204,-1.365260268,-1.302938412,-1.242148396,-1.198361736,-1.1495691200000002,-1.1375397280000001,-1.086347892,-1.0479496879999999,-1.0269427720000002
-1.475641376,-1.3925583480000001,-1.3174181640000002,-1.261408696,-1.226572352,-1.1643558600000001,-1.145141124,-1.0883167,-1.045193152,-1.0424487
-1.4593504720000001,-1.389936148,-1.320479348,-1.271105792,-1.226148456,-1.173714248,-1.1210577560000001,-1.08889118,-1.04483656,-1.0066321679999999
-1.483528476,-1.402774548,-1.3384325559999999,-1.269764788,-1.228949804,-1.178049148,-1.128611232,-1.08910966,-1.040518552,-1.039640932
-1.49313822,-1.403793076,-1.349238684,-1.279318996,-1.2245745080000001,-1.190448968,-1.1456185520000002,-1.102400548,-1.074505292,-1.04606282
-1.47667944,-1.4115021760000002,-1.3400435240000002,-1.276473964,-1.2360940880000002,-1.18000104,-1.124512568,-1.120173064,-1.066382744,-1.050013692
-1.4953432800000002,-1.427812324,-1.3357082,-1.2897253800000001,-1.21621078,-1.170174696,-1.127290508,-1.091028468,-1.06941508,-1.056081536
-1.4757107839999999,-1.3946158,-1.3262746440000002,-1.2657331120000002,-1.224263008,-1.173027,-1.136135296,-1.093399816,-1.080798108,-1.0271742719999999
-1.462955328,-1.408438224,-1.332491696,-1.2714156,-1.225869796,-1.167811368,-1.1260081880000001,-1.097393784,-1.072667172,-1.025422576
-1.5336998480000001,-1.42320614,-1.3701317880000001,-1.2942087240000002,-1.254169984,-1.190013472,-1.151922732,-1.1167278200000001,-1.077864012,-1.03805564
-1.524751624,-1.44226626,-1.3674170680000002,-1.3045063799999999,-1.2365006760000001,-1.188724732,-1.1454711279999998,-1.0982602320000001,-1.06934532,-1.058524204
-1.5308387920000002,-1.44974434,-1.384266432,-1.305766688,-1.245054912,-1.1907420800000001,-1.169043248,-1.1097938999999999,-1.0908592,-1.0721386
-1.512001992,-1.4433973080000002,-1.373551024,-1.290327888,-1.2395749720000002,-1.210529196,-1.1564711,-1.114137756,-1.076955308,-1.052913236
-1.525000592,-1.4318926920000001,-1.368161892,-1.3053847600000001,-1.2446225880000001,-1.188865484,-1.152621812,-1.1049615400000001,-1.074466076,-1.067520912
-1.509552504,-1.443020428,-1.3714278480000002,-1.3113981719999999,-1.2439712360000001,-1.203893064,-1.15643756,-1.115214512,-1.081749976,-1.056322012
-1.513492788,-1.45315166,-1.3719392320000001,-1.293633948,-1.2461869720000003,-1.206648344,-1.1530243599999999,-1.130268788,-1.07334072,-1.061794032
-1.5348580520000001,-1.466240312,-1.39876402,-1.315114052,-1.271813016,-1.2104554120000002,-1.1673404840000001,-1.1332013079999999,-1.0969885240000001,-1.070211348
-1.5212257519999999,-1.445124284,-1.389517128,-1.326437512,-1.257726112,-1.2075379160000002,-1.159916688,-1.130328384,-1.0875596680000001,-1.054557988
-1.516964088,-1.431601168,-1.344105664,-1.291360416,-1.248588284,-1.189982024,-1.154775956,-1.124460328,-1.086282572,-1.044375588
-1.543882812,-1.4462381680000003,-1.390965304,-1.319940644,-1.2647274560000001,-1.23487506,-1.168739728,-1.1106437279999999,-1.084136452,-1.055662696
-1.5327899040000001,-1.460446344,-1.36940592,-1.32157582,-1.256083424,-1.208736576,-1.167517624,-1.123556448,-1.0943180240000001,-1.06938144
-1.553069588,-1.475618304,-1.387866904,-1.33164854,-1.251699376,-1.2302328200000001,-1.174746968,-1.118706076,-1.096597072,-1.053171584
-1.5516318720000002,-1.462109612,-1.3911681320000002,-1.3189587280000001,-1.2761896240000001,-1.22556612,-1.164037212,-1.13096654,-1.0851648760000001,-1.048570548
-1.5530894640000001,-1.456689436,-1.387605924,-1.3178081959999999,-1.262533,-1.209547152,-1.1770330519999999,-1.130027648,-1.0732323480000001,-1.073247124
-1.5243229280000001,-1.457535496,-1.3995197799999999,-1.321104088,-1.2684167240000002,-1.214027092,-1.158654072,-1.1216654160000001,-1.10120816,-1.078346088
-1.5285448959999999,-1.442420308,-1.3653229480000002,-1.3156138039999998,-1.250671528,-1.1930933240000001,-1.165236544,-1.1253631160000002,-1.084288884,-1.0697258840000001
-1.554897352,-1.46866574,-1.390474652,-1.318408392,-1.255356124,-1.215415572,-1.183874932,-1.133146,-1.0911747920000001,-1.0635799240000001
-1.5552548920000002,-1.46742102,-1.392780468,-1.32396416,-1.265300456,-1.21906102,-1.1641164599999998,-1.140129932,-1.0957341,-1.071307416
-1.545269492,-1.464962308,-1.38465502,-1.326491288,-1.2629147680000001,-1.2227818480000001,-1.151140936,-1.1362616280000002,-1.094351872,-1.05301626
-1.547500344,-1.4640992480000001,-1.3956621,-1.3230189840000002,-1.255974668,-1.2100002760000002,-1.166956428,-1.123421688,-1.096497828,-1.061125944
-1.5365291479999998,-1.45370532,-1.3848954359999999,-1.319692808,-1.2630031560000001,-1.208285444,-1.1712724360000002,-1.131416696,-1.111577104,-1.05707052
-1.541017792,-1.460230564,-1.369436424,-1.320848784,-1.258521208,-1.2103747599999999,-1.157822564,-1.11745464,-1.1050722720000001,-1.064099868
-1.5235787920000001,-1.452876308,-1.369355916,-1.316164328,-1.257933572,-1.2210834400000001,-1.1637952200000001,-1.138991136,-1.100122008,-1.0690636800000002
-1.5452804119999999,-1.464502856,-1.394297664,-1.310961616,-1.251655304,-1.216848712,-1.1609749,-1.13123592,-1.102884384,-1.060782328
-1.48751058,-1.433663628,-1.3525910920000002,-1.291669276,-1.240213512,-1.189565304,-1.151621204,-1.112498744,-1.080357784,-1.057256932
-1.541295028,-1.46441588,-1.3824370480000001,-1.323998908,-1.2606918560000002,-1.194856864,-1.171543312,-1.1342888800000002,-1.0939346280000002,-1.089355836
-1.5295065520000002,-1.436230776,-1.37209852,-1.311842244,-1.25040466,-1.198415668,-1.154318336,-1.121629408,-1.0838290560000001,-1.050025316
-1.5687572520000002,-1.47439,-1.42491382,-1.332310384,-1.296391196,-1.240476248,-1.190506376,-1.14743906,-1.12041166,-1.0633384959999999
-1.548220228,-1.482017528,-1.39820778,-1.32607204,-1.262704824,-1.218741188,-1.164007064,-1.1278172720000001,-1.103374064,-1.062489196
-1.571360736,-1.482700332,-1.42191096,-1.3304522159999999,-1.2923661080000002,-1.235710428,-1.193229828,-1.135738728,-1.1028510360000001,-1.067836748
-1.549746856,-1.473548496,-1.3904540079999999,-1.3157475,-1.266099636,-1.212409484,-1.168512572,-1.130858636,-1.078496468,-1.055440256
-1.5601299800000001,-1.474522344,-1.396755616,-1.334537788,-1.2711305960000001,-1.2329976960000002,-1.1628358360000002,-1.1283271160000001,-1.09194066,-1.068891556
-1.559243444,-1.486725148,-1.4072351600000002,-1.3366936080000003,-1.271206116,-1.22196922,-1.181229968,-1.116058504,-1.1016392160000001,-1.071435352
-1.566913096,-1.477181308,-1.396420336,-1.32035334,-1.27529016,-1.2015769360000002,-1.178261368,-1.126504332,-1.102872412,-1.068636044
-1.547416272,-1.445188648,-1.391486228,-1.3118891760000002,-1.2514752000000002,-1.216370036,-1.1554144960000001,-1.134360064,-1.094470876,-1.074760224
-1.549664324,-1.467313188,-1.39600492,-1.3321082880000001,-1.2635266920000001,-1.2156207280000002,-1.178794428,-1.133489228,-1.090107824,-1.07878852
-1.517922816,-1.44865726,-1.3747304919999999,-1.2963811719999998,-1.2560439799999998,-1.1949344920000002,-1.145963572,-1.1006958439999999,-1.064954076,-1.0455949519999999
-1.556210088,-1.4773444800000002,-1.405424288,-1.339668176,-1.27988898,-1.232049912,-1.191585608,-1.13918268,-1.0984639200000001,-1.086240968
-1.551346036,-1.47089766,-1.376956672,-1.346288244,-1.2825027,-1.2109858119999999,-1.18659502,-1.135817356,-1.1027688,-1.065337228
-1.540675448,-1.4615372720000002,-1.38838128,-1.321835504,-1.2697995720000002,-1.215592504,-1.1794575,-1.1307090480000002,-1.096845892,-1.0731131120000001
-1.546961724,-1.471094584,-1.3764318599999998,-1.32848954,-1.276624796,-1.214119264,-1.162357692,-1.128081456,-1.094225436,-1.063504776
-1.5224224320000002,-1.427749272,-1.360685112,-1.300310648,-1.257700928,-1.193260196,-1.15976726,-1.1197137560000001,-1.088268936,-1.038743872
-1.54728232,-1.491876268,-1.3989599240000001,-1.3386212560000001,-1.270312572,-1.229691448,-1.162550096,-1.12813786,-1.102795668,-1.0837135039999999
-1.5491330440000002,-1.4667964960000002,-1.3756067360000002,-1.327351016,-1.27722748,-1.211885532,-1.169077552,-1.132271644,-1.08832838,-1.077912008
-1.5599692280000002,-1.474079768,-1.403857348,-1.339265688,-1.274641428,-1.225394544,-1.1783253319999998,-1.148048636,-1.0886499920000001,-1.063662728
-1.55064046,-1.479381436,-1.3989611720000001,-1.318838004,-1.277528428,-1.219776448,-1.181711532,-1.1385501120000001,-1.082720492,-1.0611553360000001
-1.569390836,-1.4841721399999999,-1.3984370359999998,-1.341239204,-1.2663284600000002,-1.226994436,-1.202020012,-1.139128516,-1.096434756,-1.06940798
-1.569827664,-1.4800055520000002,-1.4002554680000001,-1.33808202,-1.2667785200000001,-1.2223661680000002,-1.17265404,-1.1402230880000002,-1.10625882,-1.065093628
-1.517696228,-1.4417490400000001,-1.356564052,-1.3076458840000003,-1.272307316,-1.194938008,-1.171702568,-1.130305312,-1.101329472,-1.065454916
-1.566667672,-1.482320668,-1.402258116,-1.3390994240000003,-1.280832712,-1.223211756,-1.182552884,-1.134567304,-1.0938709400000002,-1.044952576
-1.5631742759999998,-1.484405268,-1.399459732,-1.3433092599999998,-1.27578636,-1.2232587440000002,-1.16578366,-1.1524717119999999,-1.107599604,-1.064988832
-1.524592196,-1.443691816,-1.398187432,-1.325507864,-1.2681293,-1.215715008,-1.176634588,-1.1424906080000001,-1.1086349640000002,-1.063943696
-1.569340236,-1.488265756,-1.404921056,-1.340928348,-1.2854890719999998,-1.215134264,-1.1783014159999998,-1.150140996,-1.095777896,-1.076601112
-1.518545832,-1.435241852,-1.376703808,-1.316532736,-1.254719792,-1.195761004,-1.167775888,-1.130198968,-1.0810779080000001,-1.048889196
-1.5305677080000002,-1.440347748,-1.3847333960000001,-1.3110247400000001,-1.254911312,-1.2193905999999999,-1.1647492320000001,-1.129282328,-1.1056639680000002,-1.0569043960000002
-1.54723806,-1.467458636,-1.394429704,-1.31678046,-1.2518547960000002,-1.214936636,-1.170291452,-1.13988844,-1.089869464,-1.062974288
-1.5294785320000002,-1.4422074200000001,-1.375274528,-1.305115904,-1.253018756,-1.2033025800000001,-1.1580615680000002,-1.1286403360000001,-1.0950363680000001,-1.058886492
-1.5588115200000001,-1.4522557600000001,-1.40294702,-1.338318536,-1.2567115720000002,-1.238459492,-1.18514434,-1.1337638959999998,-1.093590372,-1.0564108
-1.519477392,-1.4482891400000002,-1.3851872520000001,-1.2885003240000001,-1.2472915039999999,-1.206639412,-1.1540466,-1.118866852,-1.096110948,-1.063234124
-1.559751192,-1.474763152,-1.425481232,-1.32686258,-1.2643514640000002,-1.224763484,-1.176829456,-1.1561265840000001,-1.109880716,-1.0487359600000001
-1.557435248,-1.4685356159999998,-1.398360724,-1.3248057439999998,-1.273297444,-1.2199921399999998,-1.1737743919999999,-1.120162128,-1.0867137119999999,-1.084906136
-1.5398479440000001,-1.466573476,-1.3877721720000002,-1.3237255920000002,-1.269166588,-1.2098261399999999,-1.181319824,-1.1300595160000002,-1.0783133520000001,-1.0650154880000002
-1.501524576,-1.430180492,-1.3506717000000001,-1.2945013640000003,-1.25119066,-1.182031616,-1.149710484,-1.126150872,-1.089873484,-1.049580028
-1.549652,-1.467101284,-1.38132308,-1.3111488320000002,-1.242268736,-1.223085856,-1.16602666,-1.116407212,-1.09684558,-1.043148232
-1.4961262560000002,-1.4366879000000001,-1.3684882360000001,-1.292753596,-1.237102836,-1.1738770440000001,-1.149458004,-1.1159724640000002,-1.084643228,-1.031422764
-1.549336812,-1.4668567000000001,-1.389376468,-1.3312607200000002,-1.257853808,-1.206033476,-1.146000908,-1.120647192,-1.097453496,-1.077353448
-1.5532996040000002,-1.4585756440000002,-1.388609508,-1.3174608399999999,-1.2585906519999999,-1.2211720080000001,-1.1704151440000001,-1.118770528,-1.080556132,-1.058184028
-1.536957196,-1.44530562,-1.369985948,-1.31863062,-1.2830253679999999,-1.209295656,-1.175568356,-1.13614106,-1.076525288,-1.061087464
-1.554945392,-1.4704894560000001,-1.39739174,-1.34070604,-1.26189234,-1.2251676200000001,-1.171808728,-1.138410488,-1.105512004,-1.06654892
-1.552173972,-1.4693066000000001,-1.395839948,-1.3164340280000002,-1.251878848,-1.2367129,-1.182002836,-1.148029824,-1.089703788,-1.080915252
-1.534347208,-1.474014356,-1.397609364,-1.332733012,-1.275341696,-1.225017568,-1.1679488560000002,-1.144032416,-1.107439056,-1.0514684680000002
-1.550009556,-1.440573252,-1.3870590440000001,-1.310885896,-1.2586005359999999,-1.2122660680000001,-1.155400988,-1.11634766,-1.085119824,-1.068529056
-1.553992824,-1.478080188,-1.405318048,-1.3353651000000002,-1.295524872,-1.2392379960000002,-1.17496122,-1.136532572,-1.09291658,-1.0718890239999999
-1.534653188,-1.435412676,-1.370283432,-1.30567498,-1.240070084,-1.2141008720000002,-1.1731403399999998,-1.1229069280000001,-1.1015962559999999,-1.056405332
-1.5518913880000003,-1.461582508,-1.3940457800000001,-1.3229455559999999,-1.2611750720000001,-1.2191582,-1.160280556,-1.1342808320000002,-1.09785898,-1.0780096399999999
-1.530782828,-1.45881558,-1.383064636,-1.334402884,-1.26410712,-1.2027787479999998,-1.174328788,-1.13282942,-1.0894045559999999,-1.067722512
-1.547580632,-1.4500800160000002,-1.3973932000000002,-1.3152135600000001,-1.279803212,-1.21578,-1.1747318160000002,-1.114163536,-1.0935061560000001,-1.068463684
-1.573735836,-1.46249578,-1.4156606480000002,-1.3270790080000001,-1.2763645520000002,-1.217439852,-1.171807692,-1.150926764,-1.107435408,-1.059047136
-1.547756168,-1.474429216,-1.398282072,-1.3294654080000001,-1.284130816,-1.233846116,-1.171980516,-1.128036612,-1.1039892800000002,-1.067871904
-1.5345202640000002,-1.4641272360000002,-1.380335372,-1.315069928,-1.238171484,-1.211128452,-1.169282332,-1.126056972,-1.093063352,-1.079683644
-1.5587256640000002,-1.4646175520000002,-1.397079412,-1.3272149720000002,-1.266082692,-1.2216531160000001,-1.185394968,-1.147439264,-1.103365292,-1.0889716200000001
-1.5516000680000002,-1.454882652,-1.397649172,-1.329881896,-1.2808591120000001,-1.224197884,-1.180557968,-1.123477472,-1.107724392,-1.0637739
-1.571607524,-1.4796385120000002,-1.395739828,-1.33491658,-1.27518406,-1.234276316,-1.17650164,-1.1331029760000002,-1.1035218759999998,-1.0771281799999999
-1.563264636,-1.4846973680000002,-1.391276164,-1.326521896,-1.270780176,-1.2176068439999999,-1.180395724,-1.12428434,-1.0905683879999999,-1.0738789519999998
-1.5648055440000002,-1.487174928,-1.401668968,-1.34384244,-1.2750304840000002,-1.218406316,-1.1613209759999998,-1.114974532,-1.0971170440000002,-1.0620273120000001
-1.5656444680000001,-1.476983188,-1.4016946240000001,-1.312987936,-1.28562506,-1.219261728,-1.176168692,-1.144523004,-1.0928034640000002,-1.0730374040000001
-1.561928608,-1.469720772,-1.401097396,-1.316581784,-1.281061556,-1.2243753640000001,-1.177558764,-1.13386,-1.116225896,-1.057506568
-1.562477596,-1.472549208,-1.3854691000000001,-1.3366751760000002,-1.287194336,-1.240136608,-1.1836644559999998,-1.1285808480000001,-1.095240588,-1.06197432
-1.5871190200000003,-1.4757604480000002,-1.401938088,-1.340721944,-1.2811314,-1.232006168,-1.1722941480000002,-1.1383431760000002,-1.108831192,-1.072857508
-1.5669436680000002,-1.476572612,-1.407666688,-1.327879464,-1.2827917480000002,-1.218281508,-1.182319644,-1.1450941559999999,-1.1014110559999999,-1.079652348
-1.5681347399999999,-1.48551376,-1.41021672,-1.335992896,-1.2759273080000002,-1.223448456,-1.184648208,-1.140181456,-1.098699284,-1.084920356
-1.5549922880000002,-1.493634156,-1.401885872,-1.342595696,-1.284384552,-1.2000625440000001,-1.1818553079999998,-1.1321985079999999,-1.094218696,-1.063181792
-1.569290356,-1.4763062400000002,-1.4152565160000001,-1.3390669279999998,-1.282809364,-1.2172985399999998,-1.1758409520000002,-1.13063746,-1.103398292,-1.0712191
-1.565686548,-1.48285388,-1.416132224,-1.339379064,-1.270236428,-1.21160472,-1.1686830680000002,-1.137719868,-1.098392844,-1.0570184280000001
-1.5399537040000002,-1.4704285080000001,-1.394303308,-1.3389406400000001,-1.27992324,-1.216988588,-1.172357608,-1.148031568,-1.099802844,-1.0534447999999998
-1.57135168,-1.48271088,-1.415953276,-1.338711108,-1.2828196120000002,-1.224993416,-1.1882002239999998,-1.1510028159999999,-1.107486136,-1.075584284
-1.5721065680000001,-1.475879916,-1.4012780559999998,-1.33707252,-1.286616412,-1.233635152,-1.187632528,-1.1311683,-1.086720084,-1.063596344
-1.5587013200000002,-1.4856854480000001,-1.385815768,-1.333711212,-1.2640701600000002,-1.218178832,-1.170104144,-1.132119932,-1.081784048,-1.058323876
-1.5649273400000001,-1.475371008,-1.40376272,-1.341752548,-1.2970402600000002,-1.226030212,-1.1842759200000001,-1.132535028,-1.09876576,-1.067184224
-1.575253948,-1.48025142,-1.3989370319999999,-1.34901724,-1.2698693479999998,-1.229032012,-1.1852400200000002,-1.125377188,-1.108008052,-1.07995036
-1.55655998,-1.4990205320000003,-1.4059832759999997,-1.3483763000000002,-1.270532028,-1.218541224,-1.18463358,-1.1546146199999998,-1.092527588,-1.067669988
-1.5549097520000001,-1.461255284,-1.372589888,-1.3317166200000001,-1.280442152,-1.236458364,-1.177951696,-1.114916608,-1.0994575160000002,-1.052326404
-1.5620296400000002,-1.4876062239999999,-1.4087059720000001,-1.3536440440000002,-1.2744702719999998,-1.2082422400000001,-1.183176432,-1.140410012,-1.104831476,-1.0631516680000002
-1.560623532,-1.46936718,-1.421954608,-1.334612736,-1.2684926639999998,-1.234019768,-1.177270104,-1.1485471440000001,-1.110470036,-1.0730898800000002
-1.556132632,-1.475558412,-1.394642788,-1.334425684,-1.276083024,-1.212857172,-1.1693258199999998,-1.14308018,-1.105605164,-1.0593407
-1.5618995960000002,-1.47408168,-1.399285284,-1.3250593960000001,-1.26517762,-1.215848824,-1.190295276,-1.143910004,-1.090400752,-1.06311646
-1.56177898,-1.4817798359999999,-1.3992835920000002,-1.327565128,-1.278522884,-1.214780212,-1.18075044,-1.132282132,-1.098327404,-1.0889282800000002
-1.550192768,-1.4575550320000001,-1.384541072,-1.317696572,-1.267402228,-1.235439608,-1.1651841760000001,-1.1238782,-1.0933237279999999,-1.05165538
-1.559074052,-1.485072092,-1.39772642,-1.348056708,-1.262527204,-1.207846128,-1.178547276,-1.121185432,-1.0960103239999999,-1.0725788
-1.545159104,-1.4647884800000002,-1.39593458,-1.3381516,-1.2679063240000001,-1.2166428800000002,-1.1912766879999999,-1.1387717119999998,-1.109612756,-1.068813796
-1.556170464,-1.48684408,-1.4046078720000001,-1.34256922,-1.26807642,-1.225978024,-1.176481568,-1.14479854,-1.110322548,-1.0703293919999999
-1.5569423119999999,-1.483511936,-1.390556312,-1.339691968,-1.2778138360000002,-1.22980938,-1.1818706200000002,-1.1379184039999999,-1.103933864,-1.0659079040000001
-1.5464920440000003,-1.4669719,-1.377017016,-1.335880436,-1.2704704439999999,-1.229427328,-1.170084068,-1.127601076,-1.096466216,-1.0602982
-1.5738615519999999,-1.475781948,-1.399778792,-1.3258195320000001,-1.272864992,-1.224659116,-1.185426704,-1.1449129200000001,-1.10149736,-1.062928228
-1.566868204,-1.470002596,-1.399981764,-1.322876456,-1.27173762,-1.23213848,-1.191012524,-1.14101848,-1.088818292,-1.0498055400000001
-1.211425692,-1.197580416,-1.1370190480000002,-1.119834892,-1.093569568,-1.0722966440000001,-1.031689428,-1.02141884,-1.002616264,-0.98778756
-1.363434432,-1.29592924,-1.2405057800000001,-1.1830291920000002,-1.154627728,-1.120415884,-1.0798636080000001,-1.062270896,-1.03460844,-1.0063036840000001
-1.563415788,-1.471522364,-1.42474764,-1.343573944,-1.2732709000000002,-1.235989376,-1.1754777,-1.146651296,-1.08892584,-1.0741224600000001
-0.898026304,-0.898250636,-0.868064556,-0.8540509279999999,-0.83325838,-0.8352323519999999,-0.8240246360000001,-0.828138928,-0.814234856,-0.809050788
-0.8849084,-0.8692844479999999,-0.8474936240000001,-0.846117068,-0.839753656,-0.821504624,-0.823310104,-0.819907516,-0.811242036,-0.7919482959999999
-1.481853404,-1.396378028,-1.346581536,-1.28700878,-1.226992504,-1.18667166,-1.15281968,-1.108037648,-1.0801885880000002,-1.0520285679999999
-1.4920267,-1.4218557,-1.35810486,-1.283460512,-1.2512053719999998,-1.1920965399999999,-1.1464377520000002,-1.115069152,-1.089808928,-1.060963704
-1.54314194,-1.453010988,-1.395329776,-1.3268655239999998,-1.275338104,-1.2062360239999999,-1.16284222,-1.117673924,-1.114976024,-1.0754505239999999
-1.552704852,-1.467008852,-1.404756144,-1.3368353480000001,-1.285254852,-1.234924636,-1.176874368,-1.126554872,-1.09972868,-1.0791821320000001
-1.55602284,-1.46653082,-1.4052604880000001,-1.3350170160000001,-1.27843944,-1.222856768,-1.1611115760000001,-1.12695744,-1.103835088,-1.064954872
-1.5676018440000001,-1.480571504,-1.3956722400000001,-1.333165112,-1.2778448880000002,-1.208754552,-1.18205604,-1.136436944,-1.093940068,-1.064555456
-1.531095856,-1.464562308,-1.3600018,-1.3084825080000002,-1.2631677879999998,-1.219715372,-1.168414192,-1.131514492,-1.084734348,-1.038898504
-1.561215496,-1.46669226,-1.389813268,-1.3181812560000001,-1.26478146,-1.2210331520000002,-1.1792115319999998,-1.140178324,-1.089316576,-1.065942688
-1.535582524,-1.465517208,-1.4041462960000002,-1.32903736,-1.273601,-1.2198394240000001,-1.1785100640000001,-1.139632036,-1.109689848,-1.0733737
-1.574792504,-1.477408704,-1.405394352,-1.3361930800000001,-1.285757452,-1.220764696,-1.171087712,-1.1248476,-1.098466228,-1.078513268
-1.576794684,-1.48387196,-1.404870048,-1.344396784,-1.2741352799999999,-1.233935752,-1.1823636,-1.131278624,-1.1057935479999998,-1.056870632
-1.56056938,-1.471660248,-1.395236984,-1.353927032,-1.2818836200000001,-1.228439612,-1.187212988,-1.145270488,-1.111705588,-1.055200544
-1.569113572,-1.4860906440000001,-1.408951384,-1.3281394400000002,-1.274000576,-1.225911996,-1.166612036,-1.140035408,-1.109747108,-1.078140024
-1.568191908,-1.49170848,-1.4031530280000002,-1.3417178,-1.277096372,-1.243913512,-1.195236488,-1.14024176,-1.0872981440000002,-1.0652647320000002
-1.578752196,-1.483863068,-1.402599808,-1.340921236,-1.2977131080000002,-1.240731652,-1.196722216,-1.138110392,-1.09963284,-1.094012664
-1.57977312,-1.48144348,-1.40725446,-1.3415307520000002,-1.2684183839999998,-1.24079938,-1.1940155319999999,-1.13372108,-1.105058356,-1.0638996520000001
-1.548321156,-1.489347196,-1.412190596,-1.326596064,-1.2557658600000001,-1.216571344,-1.184359588,-1.14297128,-1.094960932,-1.06771204
-1.576304184,-1.48497382,-1.3985079120000001,-1.3440555520000002,-1.280854764,-1.243094172,-1.187424496,-1.142661564,-1.116990512,-1.0662801679999998
-1.568171616,-1.48351752,-1.409135488,-1.347786788,-1.275285592,-1.224251828,-1.19332106,-1.1146548520000001,-1.114924572,-1.084704072
-1.561567828,-1.49543508,-1.4019732759999999,-1.326822548,-1.272987204,-1.241096796,-1.1876335919999998,-1.1286343159999999,-1.1101071040000001,-1.0583469760000002
-1.56868244,-1.4789062480000001,-1.4188350440000002,-1.332615308,-1.274003432,-1.232998616,-1.190536588,-1.1376498879999999,-1.079171508,-1.056831356
-1.5734669639999999,-1.46636512,-1.4168821040000001,-1.3356748680000001,-1.282013272,-1.247639012,-1.189749028,-1.151320624,-1.118222528,-1.072156384
-1.5692462759999999,-1.48168304,-1.40236152,-1.3311991280000002,-1.269319268,-1.225866524,-1.1714790959999999,-1.1251355280000002,-1.084155328,-1.066767708
-1.57836294,-1.4892612280000002,-1.4112455080000001,-1.355471164,-1.273063076,-1.211401552,-1.191918388,-1.149860576,-1.112975176,-1.069836064
-1.574507112,-1.481214628,-1.4207065879999998,-1.325737684,-1.2868406119999998,-1.225563292,-1.1821567800000001,-1.1414553040000002,-1.1066457040000002,-1.065874188
-1.5752385,-1.4692767640000002,-1.408726192,-1.33937548,-1.27224534,-1.2142750320000002,-1.181358768,-1.140168292,-1.0924279719999999,-1.066517076
-1.562030892,-1.480700488,-1.406673472,-1.3406320479999998,-1.28084414,-1.231218444,-1.171479848,-1.13197446,-1.100368,-1.0714088480000001
-1.582286856,-1.473721204,-1.4147520800000002,-1.354596844,-1.286794616,-1.235109064,-1.191229896,-1.1442357440000002,-1.0976006440000001,-1.068879932
-1.574779288,-1.471364092,-1.4042511640000002,-1.354420188,-1.2780646,-1.23932332,-1.1771110359999999,-1.137752224,-1.0961815560000001,-1.068947736
-1.568218968,-1.479953852,-1.401240588,-1.3292835520000001,-1.2827884600000001,-1.2310986680000002,-1.1882326040000002,-1.1386409320000002,-1.099520644,-1.0607047
-1.572987512,-1.495905464,-1.420392984,-1.3323973640000002,-1.27938636,-1.237145876,-1.1876522760000001,-1.149710728,-1.106698676,-1.06929536
-1.5690300480000001,-1.486242196,-1.3950307240000002,-1.334297052,-1.25163052,-1.224380596,-1.176209044,-1.143334688,-1.11395632,-1.069566412
-1.560018268,-1.4758533440000001,-1.427123012,-1.344954424,-1.2670546120000001,-1.21146384,-1.1889508439999998,-1.132446852,-1.101892748,-1.068971636
-1.577054532,-1.477193248,-1.405519208,-1.3410961000000001,-1.294162892,-1.234680868,-1.167668452,-1.134971868,-1.101525508,-1.074480928
-1.5722495680000002,-1.4860976399999999,-1.4069017280000002,-1.3381302240000001,-1.2802041080000002,-1.217104184,-1.1768256,-1.1322463,-1.105683328,-1.057440184
-1.563674232,-1.495608164,-1.3990692,-1.3574454240000002,-1.2767468279999998,-1.226498904,-1.169432252,-1.13315692,-1.108042288,-1.062686344
-1.565898744,-1.4725442600000003,-1.3975248120000001,-1.3329210120000001,-1.2810276799999998,-1.205125728,-1.191081128,-1.13542736,-1.113457512,-1.08291296
-1.5658731080000001,-1.4749710000000003,-1.381986564,-1.33193232,-1.2963945080000001,-1.217775008,-1.168482244,-1.151729684,-1.08257112,-1.060139728
-1.565876576,-1.477761056,-1.4136908440000002,-1.33821238,-1.2965245680000002,-1.22024132,-1.1988866040000001,-1.1481514359999998,-1.093002492,-1.063461532
-1.563203984,-1.482612784,-1.4044587800000001,-1.3504525040000002,-1.28671282,-1.2370273959999998,-1.1675074200000002,-1.1400262360000002,-1.105524392,-1.057662492
-1.574585692,-1.4869435119999999,-1.4107869480000002,-1.340026424,-1.270846284,-1.239696796,-1.2022281240000001,-1.141737076,-1.099598308,-1.063833096
-1.5749069199999999,-1.47495836,-1.3969095999999999,-1.3412077599999999,-1.27817064,-1.223457356,-1.1748498760000001,-1.1389188920000002,-1.098985988,-1.072227104
-1.55747832,-1.4907637120000001,-1.398043764,-1.335743728,-1.278063092,-1.247480428,-1.1798395080000001,-1.137390004,-1.094955296,-1.070979356
-1.565350168,-1.485668768,-1.405003776,-1.34112344,-1.26816518,-1.24480754,-1.1868644400000001,-1.1355117840000002,-1.118226184,-1.071210716
-1.5728520080000001,-1.4805695,-1.4145693480000001,-1.3526747000000001,-1.2809611520000002,-1.232390968,-1.1851774480000001,-1.1256673320000001,-1.1003697680000002,-1.079724516
-1.5684450200000002,-1.4961953760000002,-1.405152952,-1.342257752,-1.28185572,-1.2252194840000001,-1.199941156,-1.1363281920000001,-1.093913184,-1.080007232
-1.579150664,-1.4868936000000001,-1.4136217759999998,-1.3301939159999998,-1.30605746,-1.20753762,-1.1823517159999999,-1.1555407759999998,-1.107816748,-1.081131512
-1.572896884,-1.480308332,-1.41382744,-1.335685932,-1.2626894119999998,-1.2218844160000002,-1.170408812,-1.1404851520000001,-1.103493464,-1.0709369720000002
-1.567476248,-1.494561332,-1.4009833,-1.329311204,-1.286491128,-1.2117602239999998,-1.176359248,-1.1353613320000002,-1.110553744,-1.06374032
-1.565355428,-1.48061058,-1.413686476,-1.3392537,-1.28107022,-1.2437776360000001,-1.32007432,-1.257061216,-1.222247844,-1.169018056
-1.521291148,-1.458128364,-1.37833626,-1.31113556,-1.249691152,-1.2019133999999998,-1.159260956,-1.10445878,-1.090281252,-1.04883272
-1.537928896,-1.4645772160000001,-1.398613292,-1.3161187280000002,-1.2746540080000002,-1.207103008,-1.1647523,-1.131769772,-1.089515904,-1.0471357920000002
-1.499329176,-1.41497014,-1.3595935840000002,-1.2944867080000002,-1.2502307360000002,-1.1867413599999999,-1.1438137320000001,-1.123190888,-1.0621862880000001,-1.0363429560000001
-1.541359028,-1.4546001400000002,-1.3784376440000001,-1.3222295039999998,-1.280355316,-1.21244836,-1.1711339079999998,-1.113111112,-1.1018760239999998,-1.061501788
-1.498033028,-1.41025412,-1.342698264,-1.293142296,-1.22057846,-1.1939493439999997,-1.148652424,-1.1224877720000002,-1.0773626680000001,-1.056050208
-1.5356613360000002,-1.452864244,-1.373467748,-1.3154184880000002,-1.2535329640000001,-1.2063179,-1.15557344,-1.135279972,-1.09646162,-1.0535190159999999
-1.523159364,-1.432796572,-1.379545964,-1.313531444,-1.2726172399999998,-1.1959718799999999,-1.151692544,-1.1316034879999999,-1.0917827560000002,-1.057827544
-1.546718632,-1.477517444,-1.396711968,-1.324150264,-1.25932768,-1.199266208,-1.1672815600000002,-1.131840156,-1.095252812,-1.0640137360000002
-1.496514392,-1.433547672,-1.354720764,-1.286780868,-1.23084006,-1.184765904,-1.1486759759999998,-1.126259828,-1.063488676,-1.066200528
-1.558247384,-1.4838713240000003,-1.396108476,-1.3496237839999998,-1.28957812,-1.2172418280000001,-1.216018028,-1.134915312,-1.085109324,-1.0561234320000001
-1.56574704,-1.4770441079999999,-1.401216836,-1.318521408,-1.2769880040000001,-1.2268830359999998,-1.183893568,-1.1254255119999999,-1.1091753679999998,-1.080080868
-1.550426,-1.464998164,-1.405105956,-1.341697388,-1.270862836,-1.22065958,-1.1788354719999998,-1.1411467599999998,-1.105135728,-1.06226282
-1.549415676,-1.4575977919999998,-1.395312052,-1.33228902,-1.286236168,-1.2058930360000002,-1.1685883320000001,-1.11598426,-1.103770388,-1.059888788
-1.562105864,-1.466042204,-1.405313944,-1.332731688,-1.2805192840000001,-1.237936828,-1.166935872,-1.144271164,-1.1143458480000001,-1.052786984
-1.5534454000000002,-1.47027828,-1.38979988,-1.32816,-1.265259052,-1.230799384,-1.17838416,-1.13440198,-1.088355356,-1.065416784
-1.5061674479999998,-1.4511278159999998,-1.363890876,-1.296128152,-1.252863756,-1.2184614440000001,-1.1644999200000001,-1.12412154,-1.091194036,-1.048939844
-1.559511524,-1.464478832,-1.3946903720000001,-1.32579314,-1.2613927719999998,-1.226250004,-1.1831660880000001,-1.1338204440000001,-1.1067257480000001,-1.051624724
-1.5316574680000001,-1.4442438199999998,-1.3813281199999998,-1.310728484,-1.2591116000000002,-1.1934305840000001,-1.162253536,-1.1329435840000002,-1.086681352,-1.053319324
-1.561203436,-1.47636588,-1.4031986880000002,-1.3441055800000001,-1.2611933960000001,-1.228450536,-1.1818819680000001,-1.123289172,-1.095196252,-1.0868205720000002
-1.5646803160000002,-1.475555876,-1.400283344,-1.336831204,-1.26825084,-1.221562316,-1.183195856,-1.1357400880000001,-1.10633632,-1.073271984
-1.528586036,-1.4542752040000002,-1.37870842,-1.304892284,-1.280104944,-1.192228424,-1.154819548,-1.123086744,-1.08392268,-1.064828684
-1.5612448680000002,-1.4727327920000002,-1.391253432,-1.333752408,-1.277002552,-1.215666324,-1.168144684,-1.13407634,-1.1032644679999999,-1.06252052
-1.572549192,-1.47903686,-1.397183324,-1.3387039760000001,-1.284365036,-1.23015468,-1.175056144,-1.130790916,-1.113876476,-1.0770985560000002
-1.5688186880000001,-1.480493592,-1.4158788439999999,-1.349560704,-1.277862924,-1.2319934520000002,-1.162604472,-1.1457116680000001,-1.1073023880000001,-1.0658824120000001
-1.5801512120000003,-1.485236672,-1.410402328,-1.3502869680000003,-1.281770624,-1.2132221280000002,-1.173878516,-1.142527016,-1.1155489920000001,-1.084914872
-1.567177376,-1.496475572,-1.397654548,-1.3433160480000002,-1.2765563960000001,-1.2329359759999998,-1.174812988,-1.12959288,-1.099618912,-1.06648422
-1.564174044,-1.4683857800000002,-1.388611724,-1.325488664,-1.282078996,-1.2280779320000001,-1.17529196,-1.14608746,-1.107196804,-1.06398918
-1.570181868,-1.4897616080000002,-1.4124538119999999,-1.324394488,-1.2841273160000002,-1.23854042,-1.1930834040000002,-1.138378336,-1.1080966840000002,-1.062280548
-1.5680385920000002,-1.4941507,-1.4087383720000002,-1.335095264,-1.263988288,-1.2199136000000002,-1.18290004,-1.1464004200000002,-1.0929873319999999,-1.056099932
-1.5538253600000003,-1.4793847160000002,-1.387312896,-1.3348491359999999,-1.2767945840000001,-1.210671676,-1.172524388,-1.131464544,-1.101366788,-1.062352872
-1.5529354080000002,-1.496736496,-1.404118476,-1.3422064200000001,-1.2767035279999999,-1.217409172,-1.1733234520000002,-1.1423574440000002,-1.113601356,-1.068280844
-1.582927508,-1.4887343,-1.413473668,-1.3359969,-1.2776291999999998,-1.238037444,-1.1754262439999998,-1.1477119960000002,-1.0999641560000002,-1.07767276
-1.577592436,-1.484888744,-1.40687438,-1.3453002,-1.276207388,-1.238574832,-1.188839676,-1.13220488,-1.096407784,-1.068006332
-1.569990072,-1.491818904,-1.3948763400000002,-1.344626912,-1.2726436680000002,-1.229876456,-1.1660631879999999,-1.1287241080000001,-1.114563456,-1.054502736
-1.57039102,-1.481625972,-1.402992784,-1.341668044,-1.28379916,-1.221905236,-1.173051628,-1.1285140839999999,-1.103646296,-1.085509296
-1.577057852,-1.492364996,-1.399986052,-1.342327768,-1.269485912,-1.2328510560000001,-1.19505296,-1.122221108,-1.106006812,-1.079020508
-1.5518766240000001,-1.4764333120000002,-1.3977519,-1.337933096,-1.291964748,-1.223432784,-1.175074888,-1.139159556,-1.094356248,-1.06235756
-1.568678752,-1.4790008399999999,-1.42153074,-1.339761228,-1.285009376,-1.2461232800000002,-1.18261108,-1.1341405160000002,-1.102345944,-1.093057688
-1.565318508,-1.49156814,-1.410010304,-1.336809504,-1.278992004,-1.2301905680000003,-1.1739886560000001,-1.126066624,-1.101926456,-1.073883892
-1.5692688000000001,-1.495450808,-1.41190258,-1.36162154,-1.287920532,-1.21132666,-1.1668303839999998,-1.135622868,-1.0955578719999999,-1.0759104640000001
-1.583503692,-1.4857865360000002,-1.4087606840000002,-1.349876984,-1.289459208,-1.25038418,-1.190706688,-1.135751664,-1.10356356,-1.06370546
-1.56812132,-1.481978628,-1.423095124,-1.3374948320000002,-1.2738355199999998,-1.2341284240000001,-1.172959548,-1.1348139119999998,-1.100423688,-1.073325816
-1.5739165800000001,-1.4640888480000003,-1.400120816,-1.338114748,-1.276329008,-1.209249024,-1.189829736,-1.137564264,-1.103059288,-1.068625524
-1.568098352,-1.479347656,-1.40141244,-1.3396915120000001,-1.279561084,-1.2152406839999998,-1.1838300800000001,-1.143028528,-1.099552464,-1.079521564
-1.577829652,-1.475422752,-1.408896068,-1.32431812,-1.295303732,-1.2206401080000002,-1.1823016400000002,-1.138777796,-1.095582972,-1.061530292
-1.556419312,-1.495044148,-1.4221233000000002,-1.340840796,-1.287483512,-1.221793876,-1.1741307479999998,-1.1428575920000001,-1.096426472,-1.0850608480000001
-1.57169978,-1.47840364,-1.412050124,-1.338913916,-1.2869938760000001,-1.221312996,-1.1772626840000002,-1.1354969639999999,-1.1106331,-1.0723251919999999
-1.5632145680000002,-1.4814258759999999,-1.4016282519999999,-1.3366556920000001,-1.276710304,-1.230347028,-1.170954816,-1.151136564,-1.101799996,-1.06361388
-1.571417072,-1.486191616,-1.408992988,-1.339488468,-1.2852149039999998,-1.228190768,-1.1757572,-1.1482406479999998,-1.09543582,-1.06865282
-1.5632344360000001,-1.477110944,-1.394262508,-1.335296228,-1.27733406,-1.208793248,-1.1930887319999999,-1.139332284,-1.100189944,-1.063545584
-1.565180908,-1.485419132,-1.413055464,-1.342525612,-1.273414536,-1.22169394,-1.181503196,-1.149581596,-1.1023831800000001,-1.0847703
-1.581406012,-1.479188624,-1.4035312480000002,-1.341825164,-1.2850823919999999,-1.2127387680000001,-1.184795868,-1.1367976640000002,-1.108503616,-1.074951168
-1.559980248,-1.48752924,-1.401848036,-1.3387792800000002,-1.284268344,-1.223962736,-1.197942096,-1.13513654,-1.103807516,-1.069907064
-1.572191896,-1.476714796,-1.398161016,-1.327740112,-1.287976648,-1.209008696,-1.171755896,-1.13592056,-1.097235092,-1.0665421640000001
-1.55185378,-1.470572556,-1.3871326320000001,-1.344253572,-1.2741737439999998,-1.2202433160000001,-1.161312984,-1.12137752,-1.0997736280000001,-1.070478864
-1.5508243000000002,-1.4695965640000002,-1.3979093040000001,-1.3429307,-1.2694902319999999,-1.219023516,-1.171248612,-1.140708384,-1.105788204,-1.080653988
-1.565398056,-1.485772656,-1.4035648760000001,-1.3351553,-1.27195906,-1.221197592,-1.1969964359999998,-1.127362556,-1.090454116,-1.078239344
-1.5697554320000002,-1.4654312040000002,-1.418857588,-1.346913488,-1.291639884,-1.230326356,-1.167946068,-1.1305798880000002,-1.1063486400000002,-1.0781313799999999
-1.578907412,-1.4777506640000002,-1.404092292,-1.3356852520000002,-1.282594392,-1.235547096,-1.177133208,-1.131592372,-1.106712984,-1.062038888
-1.5616808640000002,-1.4833808320000001,-1.402272596,-1.319914864,-1.26414534,-1.2132567920000001,-1.1800973559999999,-1.14291144,-1.1096043400000002,-1.0745483320000002
-1.573209544,-1.485672868,-1.403592792,-1.331610516,-1.2815490720000002,-1.245553012,-1.179959684,-1.140008232,-1.111024028,-1.07951168
-1.5677958680000001,-1.4787622040000001,-1.391293316,-1.33324224,-1.276335212,-1.2203588,-1.1611484440000002,-1.12990772,-1.090607336,-1.084241792
-1.576800432,-1.489240144,-1.400682488,-1.331992732,-1.2737600999999998,-1.217206928,-1.18356998,-1.1507135560000001,-1.105466392,-1.069802168
-1.562978712,-1.48275034,-1.408033668,-1.329563532,-1.2762356279999998,-1.221923752,-1.1729252799999998,-1.1311473840000001,-1.103249764,-1.072141972
-1.572086232,-1.481671548,-1.4069324440000002,-1.353910048,-1.273745436,-1.2325724,-1.1930810520000001,-1.1375818039999999,-1.099088112,-1.065698464
-1.574069948,-1.487201628,-1.41141268,-1.334241736,-1.277495752,-1.228231188,-1.175727564,-1.146438856,-1.099881284,-1.066555844
-1.57908004,-1.4891982480000001,-1.4199983280000001,-1.3319777240000001,-1.287540696,-1.232940952,-1.174149864,-1.13870922,-1.093940176,-1.070699772
-1.57750682,-1.47821664,-1.410998724,-1.334786492,-1.278531836,-1.209766444,-1.191965728,-1.1332636800000002,-1.09906742,-1.076455364
-1.578236436,-1.498548628,-1.421260276,-1.31804298,-1.2879908359999999,-1.2320316679999999,-1.183889524,-1.1459685519999998,-1.111977868,-1.089935664
-1.565758952,-1.481101952,-1.41208426,-1.329415832,-1.2660106320000002,-1.2264740159999998,-1.1907243160000003,-1.142561812,-1.10243338,-1.0636925480000001
-1.570365344,-1.478487116,-1.3978232,-1.3444523000000002,-1.272508188,-1.235033968,-1.1792144119999999,-1.144416876,-1.111051716,-1.062324612
-1.5634415240000001,-1.488617108,-1.407560948,-1.346757204,-1.266675564,-1.231745964,-1.1864433200000002,-1.13996782,-1.1109725959999999,-1.07138578
-1.56639292,-1.466625172,-1.406844484,-1.321892472,-1.2624997119999999,-1.226337116,-1.1677046640000002,-1.1528482759999998,-1.1214463840000002,-1.063165848
-1.561714044,-1.502512316,-1.396961048,-1.3281458879999999,-1.271519512,-1.223594204,-1.174887432,-1.147044828,-1.1108678440000002,-1.083579652
-1.565062692,-1.475835312,-1.3959861080000002,-1.35203678,-1.2761820959999999,-1.221363148,-1.168113668,-1.134157828,-1.097493308,-1.081189124
-1.57187212,-1.4850204,-1.4040322920000001,-1.3395911160000002,-1.264580008,-1.21158292,-1.181581596,-1.1274439440000001,-1.118519716,-1.0749360079999999
-1.568020236,-1.487269092,-1.401674976,-1.342057768,-1.2778122680000001,-1.2290878280000002,-1.178422384,-1.13738468,-1.106649204,-1.0781176040000002
-1.577460812,-1.4746253,-1.3883109200000001,-1.347617076,-1.293965748,-1.22280484,-1.164311032,-1.1360067720000002,-1.102342336,-1.067046656
-1.5719932600000002,-1.49182196,-1.395841704,-1.3415534160000002,-1.287648152,-1.216897864,-1.171410428,-1.1519012560000002,-1.096305456,-1.08039444
-1.569548076,-1.4921373,-1.41151384,-1.3337919440000001,-1.2709042160000001,-1.224680584,-1.1755744000000001,-1.14219302,-1.109565324,-1.064741728
-1.581583248,-1.484706012,-1.416549904,-1.3390869840000001,-1.284458352,-1.2354087200000001,-1.176047252,-1.133840208,-1.117915124,-1.069029768
-1.566250716,-1.4736016840000001,-1.4147079319999998,-1.34280262,-1.281810992,-1.2225080959999999,-1.173226916,-1.1398567880000001,-1.1082875760000002,-1.068517976
-1.567477532,-1.48334548,-1.4147279119999998,-1.3414287200000001,-1.292230744,-1.228073744,-1.183102436,-1.143601648,-1.10680906,-1.0802052
-1.57340868,-1.483066956,-1.410767052,-1.339220148,-1.279385996,-1.2358632319999998,-1.17425226,-1.139254112,-1.087873556,-1.067621184
-1.567960584,-1.4925852640000001,-1.3996532320000001,-1.336321052,-1.278459124,-1.240973624,-1.193680544,-1.1339847680000001,-1.086618536,-1.07255282
-1.579563744,-1.481312948,-1.411601584,-1.327199736,-1.277029768,-1.227497152,-1.174172076,-1.1378417719999998,-1.0971716759999999,-1.0624126760000001
-1.581399588,-1.4729924680000002,-1.420615024,-1.349297584,-1.2777835560000002,-1.230288172,-1.190992612,-1.136544796,-1.1088833960000002,-1.065889188
-1.574572612,-1.485676816,-1.406567884,-1.345377112,-1.2748245880000002,-1.235149708,-1.175735772,-1.1363594,-1.098487428,-1.0851308000000002
-1.554793628,-1.492281384,-1.40226836,-1.3395013480000002,-1.2714174400000002,-1.2147865160000002,-1.176835288,-1.155898092,-1.102507192,-1.061384848
-1.574402852,-1.4836552680000001,-1.413735368,-1.34539368,-1.292088088,-1.227376752,-1.1856129599999998,-1.151928476,-1.102365676,-1.064330804
-1.562011644,-1.482156316,-1.4019735760000003,-1.335023576,-1.278935648,-1.2236001479999998,-1.182470664,-1.134710704,-1.092374156,-1.081178744
-1.571593024,-1.4864197879999999,-1.4067863600000001,-1.344935436,-1.290635084,-1.2471897840000001,-1.1868461600000002,-1.145493732,-1.11751752,-1.060497012
-1.5777554839999999,-1.4904632480000002,-1.413417656,-1.359132552,-1.2655977840000001,-1.21156392,-1.1715329319999999,-1.146448784,-1.112676056,-1.064847844
-1.57903236,-1.492116384,-1.4108573640000002,-1.34504972,-1.2728424440000001,-1.247784032,-1.1937871679999998,-1.1420782680000001,-1.097277528,-1.063373152
-1.554987276,-1.4748858120000001,-1.391575668,-1.340175988,-1.29767928,-1.227680916,-1.176236948,-1.139675132,-1.1125074320000001,-1.061274136
-1.580849612,-1.490553064,-1.418408064,-1.334401248,-1.2791548560000001,-1.235407752,-1.179049456,-1.143623348,-1.10438102,-1.067308412
-1.561393708,-1.484603012,-1.392173344,-1.3441031120000002,-1.281718992,-1.2151968160000002,-1.1917587840000001,-1.1301102559999998,-1.0918978240000001,-1.080482056
-1.576887144,-1.479066448,-1.402366764,-1.340852544,-1.2913690560000002,-1.227170256,-1.180984612,-1.126993804,-1.1001940319999999,-1.066389624
-1.5752173040000002,-1.50620952,-1.411436616,-1.3237634,-1.2737988800000002,-1.2311908040000001,-1.1750821679999999,-1.148227716,-1.096577572,-1.0666357439999998
-1.57316558,-1.478123772,-1.414894932,-1.3427567280000001,-1.2812897680000002,-1.220837984,-1.193437824,-1.1404337320000002,-1.096901352,-1.079990256
-1.567463968,-1.4834608519999999,-1.410319592,-1.3383067,-1.2955878280000002,-1.228004968,-1.179781252,-1.135851204,-1.107785424,-1.069642768
-1.579525684,-1.491514928,-1.3922150320000002,-1.3456522519999998,-1.28562972,-1.1959804760000001,-1.1901075200000002,-1.129840232,-1.101458776,-1.080889696
-1.5709718600000002,-1.478994584,-1.413370784,-1.344601316,-1.286425868,-1.224929296,-1.176310616,-1.128103724,-1.099981684,-1.0655414
-1.560396152,-1.483162856,-1.406822236,-1.3389619160000001,-1.281812832,-1.2254329200000003,-1.17743866,-1.129756288,-1.105620432,-1.08108858
-1.57329726,-1.4817197480000002,-1.405736628,-1.3254185920000001,-1.2683096360000001,-1.234723816,-1.1750008,-1.137687188,-1.095448924,-1.05964038
-1.568101876,-1.490672308,-1.418014636,-1.347940732,-1.267962388,-1.227061768,-1.169019276,-1.149028888,-1.1121850000000002,-1.054886568
-1.5659234160000002,-1.494147468,-1.423766232,-1.3493354119999998,-1.2735329880000001,-1.218811076,-1.177113616,-1.144540128,-1.106833984,-1.072519652
-1.556900084,-1.480568308,-1.412803372,-1.327573324,-1.277399224,-1.2188921160000001,-1.180048824,-1.12503292,-1.10192106,-1.0737506159999999
-1.573094052,-1.4727654760000002,-1.416973548,-1.346181988,-1.2940063640000001,-1.234890928,-1.185606824,-1.148685464,-1.0860652960000001,-1.0567406959999999
-1.566767368,-1.4876441840000003,-1.4036774319999998,-1.3308907319999999,-1.266565708,-1.2333703399999998,-1.171713216,-1.1497824680000002,-1.107115324,-1.065891092
-1.5695156639999999,-1.468605396,-1.4162648320000002,-1.33545718,-1.262728156,-1.2236276320000001,-1.1847742319999999,-1.144957532,-1.09295274,-1.0635116720000002
-1.579147196,-1.484603512,-1.410242,-1.3341396200000002,-1.288840836,-1.219159016,-1.1592859,-1.14751822,-1.1023216120000001,-1.0780538560000001
-1.5824178320000002,-1.4914142240000001,-1.4063944039999998,-1.32423068,-1.2810409720000002,-1.223555088,-1.17546354,-1.1442057840000002,-1.101526624,-1.0714381000000002
-1.5562036240000001,-1.48930918,-1.388643,-1.333933632,-1.2750662640000001,-1.2244486760000002,-1.189551344,-1.114333148,-1.111337384,-1.0548207280000002
-1.5728833640000002,-1.470114788,-1.4057702079999999,-1.3394982000000002,-1.293689216,-1.230634508,-1.1801186520000002,-1.12162482,-1.109102952,-1.071223356
-1.570710972,-1.485192144,-1.399165468,-1.338379332,-1.2857880679999998,-1.2165812200000001,-1.1971638880000002,-1.1284982959999998,-1.112469108,-1.0704900400000001
-1.5727177040000002,-1.47799908,-1.404834444,-1.3508880600000002,-1.277424272,-1.2377360880000001,-1.1873760039999999,-1.153102348,-1.101775816,-1.070299464
-1.5709153359999999,-1.4903605080000002,-1.402948424,-1.332703676,-1.27643588,-1.21123836,-1.171240056,-1.1443424560000002,-1.1030629200000002,-1.0683018599999998
-1.5685266640000002,-1.491905412,-1.408460292,-1.3390001480000002,-1.2872014840000001,-1.230320284,-1.180058944,-1.1473051360000002,-1.096699136,-1.080194176
-1.56776022,-1.479526808,-1.414637912,-1.3354994,-1.288987052,-1.244556592,-1.1657759760000002,-1.14855922,-1.089194824,-1.0792243000000001
-1.578410156,-1.496457232,-1.4085747680000003,-1.3428429400000002,-1.2764788640000002,-1.2163399480000001,-1.1784587960000001,-1.1393570240000002,-1.109199472,-1.0706696999999998
-1.5599256559999999,-1.4742485520000002,-1.427783936,-1.3441894360000002,-1.281745072,-1.222981444,-1.18586064,-1.141577324,-1.09647684,-1.058482036
-1.5822720479999999,-1.4842617160000002,-1.413602204,-1.344952952,-1.2816624600000002,-1.236229328,-1.17908604,-1.1364869359999998,-1.1091522080000003,-1.058056652
-1.59057532,-1.4936010280000003,-1.405536596,-1.338646188,-1.289014764,-1.231645004,-1.182563684,-1.131278196,-1.098248108,-1.062483396
-1.5776100679999998,-1.484186668,-1.4149931480000002,-1.337686952,-1.2774860760000002,-1.225867548,-1.18152922,-1.138671632,-1.096227248,-1.076962996
-1.575538292,-1.481509888,-1.406930528,-1.335130464,-1.2654410919999999,-1.23340628,-1.161242064,-1.1431231240000002,-1.110908352,-1.065103568
-1.5780653880000002,-1.4731659440000002,-1.4086185000000002,-1.3255919760000001,-1.271565472,-1.230636992,-1.181540568,-1.1467177320000002,-1.10331016,-1.0558980800000002
-1.564580088,-1.486332972,-1.4132213400000002,-1.3394959720000001,-1.265774848,-1.2285414680000002,-1.1706152920000001,-1.132395516,-1.110709168,-1.0843667
-1.575753812,-1.485484812,-1.3972009360000002,-1.3202199719999999,-1.28438788,-1.232202124,-1.181376684,-1.132574172,-1.1098475239999999,-1.091919148
-1.5776925000000002,-1.5037385520000002,-1.411677884,-1.3327107440000001,-1.278485796,-1.21754036,-1.180768076,-1.149405412,-1.081080312,-1.077670084
-1.5706143440000002,-1.475232588,-1.4143448680000001,-1.3271324640000002,-1.279860604,-1.2364647120000003,-1.185332152,-1.135470472,-1.099444064,-1.067596588
-1.572007324,-1.486254216,-1.410967496,-1.3405092559999998,-1.282216584,-1.234294272,-1.188889756,-1.12730518,-1.1151900000000001,-1.068434268
-1.5699686400000001,-1.48100018,-1.4096261440000002,-1.3429944319999998,-1.27461972,-1.2433835199999999,-1.1803605080000001,-1.1300704160000001,-1.10796606,-1.068266948
-1.5704039280000002,-1.489263164,-1.403686268,-1.354743856,-1.277191768,-1.2319163240000002,-1.1718887560000002,-1.125484996,-1.09817924,-1.080306508
-1.563845228,-1.4788536040000002,-1.397227052,-1.333682432,-1.267344548,-1.215997124,-1.162654392,-1.14076872,-1.104475528,-1.087806668
-1.5711716640000002,-1.493950328,-1.3985750080000001,-1.331700904,-1.281869692,-1.213536812,-1.1811036320000001,-1.134272892,-1.108217928,-1.077518444
-1.57744182,-1.486446448,-1.397649296,-1.359112496,-1.280547196,-1.235337308,-1.170735336,-1.146433492,-1.109023272,-1.062465536
-1.564646208,-1.478275108,-1.4066984919999999,-1.346550428,-1.283088188,-1.238758276,-1.17601552,-1.14141176,-1.107939996,-1.08100912
-1.553954708,-1.488633712,-1.40928794,-1.3425119680000002,-1.291123276,-1.219644528,-1.190451804,-1.142486232,-1.109482356,-1.0848724760000001
-1.574861064,-1.490573172,-1.407324832,-1.338535468,-1.261413812,-1.219768796,-1.186001676,-1.13958708,-1.1059068479999998,-1.0733058320000002
-1.5888573400000001,-1.4767736560000002,-1.411991648,-1.3531729840000002,-1.2809604800000003,-1.226605676,-1.1654966119999999,-1.137730908,-1.092421896,-1.072186688
-1.5688716,-1.488242772,-1.386435688,-1.3294845320000002,-1.2789654,-1.235520356,-1.1846387480000002,-1.130570484,-1.095531368,-1.076867592
-1.575938652,-1.487576392,-1.3813976879999998,-1.356334472,-1.289801044,-1.230687008,-1.191644232,-1.122082604,-1.1089350999999998,-1.062528744
-1.56707208,-1.482971944,-1.4075336639999998,-1.3256045200000002,-1.2767164359999998,-1.2294411840000001,-1.167059384,-1.1276913920000002,-1.111608476,-1.0757859600000002
-1.567983552,-1.485390292,-1.4024482520000001,-1.348677488,-1.278455416,-1.222711384,-1.180612772,-1.1364813280000001,-1.108887908,-1.0781644639999999
-1.567636872,-1.471326632,-1.412919556,-1.3314345,-1.2747065240000002,-1.2186034799999999,-1.1950379519999998,-1.122454328,-1.10468052,-1.074776676
-1.581953112,-1.4848031720000001,-1.425151788,-1.34361552,-1.277533108,-1.22959314,-1.178054012,-1.143035892,-1.098916464,-1.082933248
-1.5779755679999998,-1.5014131320000002,-1.4077827600000001,-1.325477624,-1.2837578559999998,-1.24057374,-1.1743119359999998,-1.131282804,-1.095478856,-1.062476344
-1.582980436,-1.490980408,-1.42010034,-1.346681928,-1.2782406640000001,-1.218970596,-1.184639296,-1.135481632,-1.102497284,-1.066361048
-1.576740288,-1.4784399360000002,-1.410563728,-1.3418085679999998,-1.289608352,-1.2330146560000002,-1.186279012,-1.1345533319999999,-1.108783004,-1.0897592440000001
-1.564065336,-1.480391468,-1.398723696,-1.3399866800000002,-1.286456908,-1.229026368,-1.1785073640000001,-1.146268972,-1.112671548,-1.062190432
-1.572655396,-1.493439152,-1.418694668,-1.344190368,-1.275539712,-1.209981076,-1.181352692,-1.1502551559999998,-1.116680076,-1.079956828
-1.57305424,-1.478163124,-1.4086121839999999,-1.330467456,-1.285243208,-1.2231642,-1.170474236,-1.1479570520000002,-1.0934664079999998,-1.074580996
-1.571762472,-1.485601836,-1.3995593919999998,-1.3318584359999999,-1.274669568,-1.2286627,-1.1755746,-1.153504364,-1.102421488,-1.081009164
-1.5657264320000002,-1.474782292,-1.40204958,-1.349351104,-1.2773737079999998,-1.232925988,-1.159936072,-1.139717492,-1.114950236,-1.051159768
-1.568833348,-1.483967204,-1.3986939680000001,-1.335580304,-1.275362936,-1.238457504,-1.17788054,-1.131987848,-1.096925924,-1.072857828
-1.5602941400000003,-1.493995868,-1.39631882,-1.348258848,-1.27922152,-1.2317399160000002,-1.186346476,-1.129414296,-1.102469704,-1.065663256
-1.566054808,-1.4817338160000002,-1.4131832,-1.341211112,-1.2780872319999999,-1.222597868,-1.1957657800000001,-1.136105156,-1.1140132280000001,-1.075892572
-1.573831464,-1.499697684,-1.4020425680000002,-1.351218524,-1.2673271959999999,-1.228413392,-1.181941556,-1.1242411079999999,-1.0993926520000001,-1.06091914
-1.5714554920000001,-1.489623556,-1.4090946960000001,-1.340049664,-1.279472784,-1.2280424440000002,-1.186155372,-1.134333416,-1.088115312,-1.067978516
-1.5667329159999999,-1.497973652,-1.3944447,-1.3404999640000002,-1.2712731560000001,-1.216072452,-1.184412984,-1.153074156,-1.101523944,-1.065471828
-1.576385448,-1.481082392,-1.403478232,-1.342317688,-1.2627693439999998,-1.2242338720000001,-1.183503388,-1.128460516,-1.11146502,-1.073711736
-1.56363222,-1.486385004,-1.409781712,-1.33838932,-1.265352868,-1.228313436,-1.1859701440000001,-1.1288618240000001,-1.09768194,-1.070017108
-1.572923868,-1.4834536120000001,-1.414879824,-1.3387944640000002,-1.284238912,-1.2310441200000002,-1.171846324,-1.12297398,-1.098221036,-1.06153502
-1.5712904120000002,-1.4755869880000003,-1.3955235799999999,-1.33082056,-1.2843635,-1.239344008,-1.176529076,-1.137422864,-1.0986071880000001,-1.05439938
-1.5819050559999999,-1.48404718,-1.4034947039999999,-1.34515196,-1.2933417,-1.2267144680000002,-1.1881687680000002,-1.1342938480000002,-1.094993316,-1.06966654
-1.5595067960000002,-1.490571528,-1.385019304,-1.3457549720000002,-1.2860721560000001,-1.22204404,-1.176278956,-1.147640956,-1.096416056,-1.0574859840000002
-1.57642904,-1.474222876,-1.405610308,-1.352998568,-1.2844289279999999,-1.223095124,-1.188226676,-1.1276011760000002,-1.112003896,-1.061873632
-1.5691580480000002,-1.492709024,-1.398236032,-1.334602592,-1.2518527560000001,-1.248764636,-1.184067972,-1.1312456,-1.091421404,-1.076796556
-1.556900688,-1.47569486,-1.401204164,-1.3289301000000002,-1.286053368,-1.2411101119999999,-1.180788916,-1.1438023640000001,-1.0940020000000001,-1.052214224
-1.5514916600000002,-1.498493284,-1.4109984000000002,-1.350612512,-1.282753812,-1.234924352,-1.172860476,-1.153089344,-1.101708576,-1.061107364
-1.591306388,-1.4644585920000002,-1.404104316,-1.325660052,-1.2821582960000002,-1.244291868,-1.177792624,-1.14768262,-1.103658636,-1.0706457280000001
-1.5720109,-1.493635156,-1.415884136,-1.352061248,-1.27963936,-1.224773536,-1.170786184,-1.11890668,-1.112980244,-1.078135592
-1.57254182,-1.485836376,-1.400810028,-1.3418696319999999,-1.255174688,-1.2279546000000001,-1.1672311800000001,-1.13202208,-1.09424748,-1.0723382760000002
-1.5715916600000002,-1.496520592,-1.404266308,-1.334151536,-1.276885092,-1.223384972,-1.178541528,-1.148773184,-1.09949486,-1.0645253639999999
-1.558902776,-1.47638344,-1.4035470600000002,-1.337647348,-1.276926876,-1.221058832,-1.191066228,-1.1362555440000002,-1.071239328,-1.089401636
-1.564055468,-1.480951852,-1.4168576560000001,-1.34276796,-1.2979102919999999,-1.2167370720000001,-1.19116174,-1.137482844,-1.1042990439999998,-1.06864786
-1.566979076,-1.47965758,-1.399082984,-1.336826192,-1.30192342,-1.2351872000000002,-1.189509284,-1.1331966880000002,-1.1126262279999999,-1.067554064
-1.5603638640000002,-1.491279616,-1.3974789760000002,-1.344148404,-1.273110576,-1.248098812,-1.176689128,-1.152448836,-1.1162938519999999,-1.075362
-1.573277856,-1.480112152,-1.407928556,-1.3217587920000002,-1.292475164,-1.22196744,-1.192409612,-1.11888664,-1.1011466639999998,-1.07288288
-1.580456112,-1.477506252,-1.404672036,-1.330848568,-1.2852453640000001,-1.217003292,-1.157735204,-1.1397588000000003,-1.102460932,-1.069078824
-1.58080982,-1.48596258,-1.40342512,-1.3319995000000002,-1.2954648480000002,-1.221614796,-1.1702680399999998,-1.1228713240000001,-1.112498996,-1.0678459800000002
-1.572882912,-1.4807978160000002,-1.406275748,-1.339267852,-1.2704619320000001,-1.216997052,-1.1659817399999999,-1.146996684,-1.087068048,-1.056062752
-1.571314108,-1.480578228,-1.396677524,-1.331775748,-1.267331832,-1.23414548,-1.170218884,-1.153683032,-1.102984368,-1.07444592
-1.5304259279999999,-1.4496219439999998,-1.3901946440000001,-1.319671204,-1.2806053359999998,-1.2088354239999999,-1.176500248,-1.120515048,-1.096110972,-1.0562826840000001
-1.574315028,-1.488178648,-1.40941296,-1.335246276,-1.2713895359999998,-1.216784232,-1.180642936,-1.1398573200000002,-1.112233704,-1.078086864
-1.571582944,-1.4927529400000001,-1.419326452,-1.34433054,-1.281327956,-1.2373009799999999,-1.1898037000000001,-1.136548832,-1.10286928,-1.078391368
-1.5838871440000002,-1.479880396,-1.409706156,-1.316287924,-1.26993068,-1.228708416,-1.192221088,-1.1466174439999999,-1.0985865240000001,-1.075692812
-1.586641336,-1.478694608,-1.4032068880000002,-1.344559116,-1.27746716,-1.2437361200000001,-1.177541368,-1.136785464,-1.119774248,-1.062716932
-1.560808336,-1.49171678,-1.3923154160000002,-1.3385048280000003,-1.267302776,-1.2360845440000001,-1.165267956,-1.144528164,-1.095252856,-1.068551288
-1.5758031760000002,-1.489518,-1.418401448,-1.341069476,-1.279316164,-1.23095014,-1.18425226,-1.1430066719999998,-1.108418552,-1.0687784040000001
-1.5662781399999999,-1.466718616,-1.388968336,-1.34018514,-1.2695638720000002,-1.2350229840000002,-1.173807656,-1.140254924,-1.103254672,-1.075674192
-1.55589676,-1.477510424,-1.407075572,-1.347459252,-1.27567432,-1.218560112,-1.1698676600000002,-1.1542768280000002,-1.130158912,-1.058508108
-1.549409192,-1.466582088,-1.3963830640000001,-1.34337558,-1.277875756,-1.223049224,-1.179479156,-1.1478123839999999,-1.0958925080000002,-1.059908248
-1.563089416,-1.475079844,-1.403620372,-1.334612412,-1.2838851239999998,-1.2223754560000002,-1.167443924,-1.1376430680000003,-1.10146552,-1.060118936
-1.5599047920000002,-1.49060674,-1.4018209959999999,-1.336576352,-1.271916316,-1.22989728,-1.176201608,-1.14817664,-1.106161876,-1.0728487919999998
-1.5798748679999999,-1.47912212,-1.40492308,-1.317638236,-1.270057916,-1.246740604,-1.195571652,-1.134017352,-1.09121438,-1.0665452119999999
-1.55695938,-1.4826454480000002,-1.4010241280000002,-1.336139812,-1.2748873280000002,-1.22431998,-1.179895548,-1.144174304,-1.110643996,-1.067756712
-1.579730536,-1.4782798920000002,-1.398257748,-1.332632832,-1.269209768,-1.2401018959999999,-1.181598744,-1.122230656,-1.118423648,-1.081265488
-1.5772898,-1.467210972,-1.401678948,-1.34421484,-1.281035076,-1.2209014440000001,-1.173546192,-1.1351940680000001,-1.109231824,-1.0728703640000001
-1.554489952,-1.4706763,-1.4014530760000001,-1.326071548,-1.267631784,-1.2189119679999998,-1.175713248,-1.128531196,-1.088914612,-1.0653331400000001
-1.5513609480000001,-1.484764144,-1.402375124,-1.3301005080000001,-1.274804944,-1.23211804,-1.177103812,-1.132876352,-1.108958052,-1.0855974680000002
-1.56771362,-1.49079602,-1.416098136,-1.3315271599999998,-1.2743251000000002,-1.230528824,-1.171030608,-1.1400382880000002,-1.0932619520000002,-1.07537834
-1.573044912,-1.474108096,-1.404134276,-1.329044528,-1.278579348,-1.235864688,-1.17435792,-1.155372636,-1.116847276,-1.070023988
-1.57575408,-1.485916296,-1.413441688,-1.321415704,-1.284878684,-1.2187546599999999,-1.17725808,-1.139135648,-1.0967629920000002,-1.06668108
-1.54819444,-1.478314168,-1.383269608,-1.336403696,-1.265544516,-1.2100928560000002,-1.180446184,-1.14143104,-1.093768936,-1.066500968
-1.5539851640000002,-1.45382618,-1.392624848,-1.3188218120000001,-1.27223848,-1.227039636,-1.170478524,-1.128817548,-1.0978344,-1.060331304
-1.5706421480000001,-1.506152792,-1.412153212,-1.334292564,-1.2869507040000001,-1.221946964,-1.192327752,-1.125943756,-1.10498786,-1.0822137920000001
-1.564796968,-1.489345716,-1.3912274519999999,-1.3531502039999999,-1.2884420799999998,-1.2218995600000002,-1.1890041040000001,-1.143315676,-1.0995892120000001,-1.069090244
-1.577674148,-1.4813807,-1.411369848,-1.346165696,-1.269433512,-1.2319643439999999,-1.1981357080000001,-1.13319846,-1.1052286119999999,-1.080494692
-1.5635975,-1.4983075,-1.413561152,-1.342915472,-1.28339782,-1.2205705880000002,-1.1844441840000002,-1.133116476,-1.1159338520000002,-1.063386704
-1.56674582,-1.475984384,-1.410397368,-1.328590648,-1.287111976,-1.222119648,-1.196300888,-1.140287096,-1.0948606680000001,-1.06599556
-1.556183836,-1.472753088,-1.40408654,-1.333106628,-1.280309448,-1.221977096,-1.1695650560000002,-1.144786636,-1.102669676,-1.061792536
-1.5604913200000001,-1.463679944,-1.4086165840000002,-1.317147236,-1.259679028,-1.2138124080000001,-1.171296732,-1.147654872,-1.101256872,-1.07063668
-1.569369816,-1.479534324,-1.3970756240000002,-1.3305179759999999,-1.272866964,-1.228157152,-1.1910318640000002,-1.129497636,-1.113275244,-1.06871656
-1.55312042,-1.468822724,-1.423268216,-1.324991112,-1.280565916,-1.22171968,-1.1802460440000002,-1.1345686480000001,-1.0875390799999998,-1.06282282
-1.5596853880000001,-1.46271068,-1.416109136,-1.3388955720000002,-1.299077812,-1.240811992,-1.174992004,-1.135396864,-1.1210965200000003,-1.071729436